id,gender,recordingsII,a0r,a1r,a2r,a3r,a4r,a5r,a6r,a7r,a8r,a9r,a10r,a100r,q1r,q2r,q3r,q4r,q5r,q6r,q7r,q8r,q9r,q10r,q11r,q12r,q13r,q14r,q15r,q16r,q17r,q18r,a0p,a1p,a2p,a3p,a4p,a5p,a6p,a7p,a8p,a9p,a10p,a100p,q1p,q2p,q3p,q4p,q5p,q6p,q7p,q8p,q9p,q10p,q11p,q12p,q13p,q14p,q15p,q16p,q17p,q18p,a0t,a1t,a2t,a3t,a4t,a5t,a6t,a7t,a8t,a9t,a10t,a100t,q1t1,q1t2,q1t3,q2t,q3t,q4t1,q4t2,q5t,q6t1,q6t2,q7t,q8t,q9t,q10t,q11t1,q11t2,q12t,q13t,q14t1,q14t2,q15t1,q15t2,q16t1,q16t2,q17t1,q17t2,q18t1,q18t2
8,m,12,1,1,1,1,1,1,1,1,1,1,1,1,1,0,0,1,1,1,1,1,0,1,0,1,1,0,0,0,0,0,0,1,1,1,0,1,1,1,1,1,0,0,1,0,0,1,0,1,0,1,0,0,NULL,1,1,NULL,NULL,NULL,NULL,NULL,1,1,1,1,2,3,2,2,2,3,2,0,4,3,2,2,2,4,2,2,3,2,0,3,2,0,NULL,NULL,2,2,NULL,NULL,NULL,NULL,NULL,NULL,NULL,NULL,NULL,NULL
9,f,18,0,1,0,1,1,1,0,1,0,0,0,1,1,1,1,0,1,1,0,1,0,1,0,1,1,0,1,0,0,0,1,1,0,1,1,1,0,0,1,0,0,1,1,1,1,0,1,1,0,1,0,1,0,1,0,0,0,0,0,0,1,1,1,1,4,3,1,1,1,3,1,1,3,3,1,2,2,3,2,2,3,2,0,2,1,3,3,2,2,2,3,2,3,2,3,2,3,2,1,2
10,m,18,1,1,1,1,0,1,1,1,1,1,1,1,1,0,1,1,1,1,0,1,0,0,0,0,1,0,1,0,1,0,0,1,0,1,0,1,1,1,1,1,0,1,1,0,1,1,0,1,0,0,0,0,0,0,0,0,0,0,0,0,1,1,1,1,2,3,2,1,1,3,2,3,2,1,3,0,2,2,3,1,1,2,1,0,0,0,1,4,0,0,2,3,2,3,2,3,2,3,1,3
11,f,12,1,0,1,0,1,1,0,1,1,0,0,1,1,1,0,0,1,1,0,1,0,1,0,1,1,0,1,0,0,0,1,NULL,0,NULL,1,1,NULL,0,1,0,NULL,0,0,1,0,NULL,1,0,1,1,NULL,1,NULL,1,1,0,1,NULL,NULL,NULL,2,NULL,4,NULL,1,3,NULL,2,1,2,NULL,0,0,3,1,1,1,NULL,NULL,2,3,1,2,3,NULL,3,NULL,NULL,1,2,1,3,3,1,NULL,NULL,NULL,NULL,NULL,NULL
21,f,17,0,1,1,1,1,0,0,1,1,0,1,0,1,1,1,1,1,1,0,1,0,0,0,0,1,1,1,0,0,0,0,1,0,1,1,0,0,1,1,0,1,0,1,0,0,0,1,0,1,1,0,0,0,0,1,0,1,0,0,NULL,0,1,1,1,0,3,1,1,1,3,2,0,4,3,1,1,0,1,1,1,3,1,1,1,0,0,1,1,0,1,3,1,4,1,2,1,1,1,NULL,NULL
25,m,18,1,1,1,1,1,1,1,1,1,1,1,1,1,1,1,1,1,1,1,1,1,1,1,1,1,1,1,1,1,1,1,1,1,1,1,1,1,0,1,1,1,0,0,1,1,1,1,0,1,1,1,0,1,0,1,1,1,0,0,0,2,2,2,2,4,3,4,2,1,3,2,0,2,1,2,1,2,2,3,2,2,4,2,3,3,0,2,3,0,2,2,3,2,3,2,4,2,4,1,4
35,m,18,1,1,1,1,0,0,1,1,1,0,0,1,1,0,0,1,1,0,1,1,1,1,1,1,1,1,1,0,0,0,0,1,0,1,0,0,0,0,1,0,0,1,0,0,0,1,0,0,0,0,0,1,0,1,1,0,1,1,0,0,0,2,1,2,1,1,0,1,3,3,2,2,1,1,4,1,0,3,2,4,1,2,4,3,4,2,1,1,2,1,1,2,3,1,1,4,1,0,1,0
36,f,13,0,1,1,1,1,0,0,0,0,0,1,0,1,0,1,0,1,1,1,0,0,0,0,1,1,1,1,1,0,1,0,1,0,1,1,0,NULL,NULL,NULL,NULL,0,NULL,1,NULL,0,0,1,0,1,0,NULL,NULL,NULL,1,0,0,0,0,NULL,0,3,1,1,1,4,0,NULL,NULL,NULL,NULL,4,NULL,4,3,4,NULL,1,3,2,2,3,1,4,0,NULL,NULL,NULL,NULL,1,4,3,4,4,4,1,4,NULL,NULL,4,3
37,m,18,1,1,1,1,1,1,1,0,1,0,1,1,1,1,0,1,1,1,1,1,1,1,1,1,1,1,1,1,1,1,0,1,0,1,0,1,1,0,1,0,1,1,1,0,0,1,0,0,0,0,1,0,1,1,0,1,1,1,1,1,4,4,4,4,4,3,4,3,4,4,4,3,2,1,4,4,4,1,3,4,2,3,4,0,3,0,1,3,3,4,1,3,2,3,2,4,2,3,2,3
39,f,17,1,1,1,1,1,1,0,0,1,0,1,1,1,1,1,1,1,1,0,1,0,1,0,1,1,1,0,1,1,0,0,1,1,1,1,1,NULL,NULL,1,0,1,0,1,1,1,0,0,1,0,0,NULL,0,0,1,1,0,0,1,0,0,3,4,4,4,4,3,NULL,NULL,3,2,4,0,2,2,2,4,2,2,3,4,3,2,4,0,NULL,3,2,1,1,2,2,3,2,4,3,2,3,2,1,3
41,m,11,1,1,1,1,0,1,1,1,1,1,1,1,1,0,0,1,1,1,1,1,1,0,0,1,1,0,0,0,0,0,1,1,1,1,0,1,1,0,1,1,0,1,0,0,NULL,1,1,0,1,1,1,NULL,NULL,1,1,NULL,NULL,NULL,NULL,0,1,4,1,1,2,3,4,1,1,1,2,1,1,1,2,1,NULL,3,1,2,3,1,1,3,3,NULL,NULL,NULL,1,1,NULL,NULL,NULL,NULL,NULL,NULL,NULL,NULL,3,1
43,m,18,1,1,1,1,1,1,1,1,1,1,1,1,1,1,1,1,1,1,1,1,1,1,0,1,1,0,1,0,0,0,0,1,0,1,1,1,1,1,1,1,1,0,0,1,1,1,1,0,0,0,1,1,0,1,1,0,1,1,0,0,0,1,1,2,1,3,1,1,1,3,2,2,4,3,2,1,2,4,3,2,3,2,0,3,4,3,4,2,1,0,4,2,3,1,2,4,1,3,1,3
46,m,5,0,1,1,1,0,0,0,0,1,1,1,0,0,0,0,0,1,0,1,1,0,0,0,1,1,0,0,0,0,0,1,1,1,1,NULL,NULL,NULL,NULL,0,1,1,0,NULL,NULL,NULL,NULL,1,NULL,0,0,NULL,NULL,NULL,1,1,NULL,NULL,NULL,NULL,NULL,1,1,1,1,NULL,NULL,NULL,NULL,1,1,2,3,NULL,NULL,NULL,NULL,NULL,NULL,NULL,2,NULL,NULL,2,0,NULL,NULL,NULL,NULL,2,2,NULL,NULL,NULL,NULL,NULL,NULL,NULL,NULL,NULL,NULL
47,m,8,0,1,1,1,0,0,0,0,1,1,1,0,0,1,1,0,1,0,1,0,0,0,0,1,0,1,0,0,0,0,NULL,1,0,1,0,NULL,NULL,NULL,1,0,0,0,NULL,1,1,NULL,1,NULL,0,NULL,NULL,0,NULL,1,0,1,NULL,NULL,NULL,NULL,NULL,1,2,1,0,NULL,NULL,NULL,2,2,2,3,NULL,NULL,NULL,2,2,NULL,NULL,0,NULL,NULL,0,NULL,NULL,3,NULL,NULL,2,2,2,3,NULL,NULL,NULL,NULL,NULL,NULL,NULL,NULL
51,m,18,1,1,1,1,0,0,0,1,1,1,0,1,1,1,0,1,1,1,0,0,0,1,0,0,0,0,0,0,1,0,0,1,0,1,0,0,0,0,1,0,0,0,0,1,0,1,1,0,0,0,0,1,0,0,0,0,0,0,0,0,0,2,2,2,1,1,0,2,1,1,1,0,1,1,3,1,1,3,2,1,3,1,0,1,4,3,2,3,0,2,3,1,0,0,3,1,3,1,1,3
55,m,18,1,1,1,1,1,1,1,1,1,1,0,1,1,1,1,1,1,1,1,1,1,1,1,1,1,0,1,1,1,1,0,1,0,1,1,1,1,1,1,1,0,0,1,0,0,1,0,1,1,1,1,1,0,1,1,0,1,1,0,0,1,1,0,1,1,1,1,1,1,3,2,0,2,2,3,2,0,1,1,4,1,4,4,3,3,3,2,4,1,2,1,3,3,1,3,2,3,2,3,2
57,m,18,1,1,1,1,1,1,1,1,1,1,1,1,1,1,1,1,0,1,1,1,1,0,1,1,1,1,1,0,0,0,0,1,0,1,1,0,1,0,1,1,0,0,1,0,1,1,0,1,0,1,1,0,0,1,0,1,1,0,0,0,4,4,0,1,4,1,4,1,3,1,4,1,1,1,1,4,2,3,2,4,3,1,0,1,2,0,2,3,2,1,3,2,1,3,1,3,1,0,1,3
61,m,18,1,1,1,1,0,0,1,1,0,0,1,1,1,1,0,1,1,0,0,0,1,1,0,0,0,1,0,1,0,0,0,1,1,1,0,0,1,0,0,0,0,1,0,0,0,0,0,0,0,0,1,1,0,1,0,0,0,1,0,0,0,2,2,4,4,4,2,1,0,0,2,2,4,3,2,2,2,3,2,2,3,2,0,2,2,3,3,2,4,2,3,2,0,0,3,2,3,2,3,2
64,f,18,1,1,1,1,0,0,1,1,1,1,1,1,1,1,1,1,1,1,0,1,1,1,1,1,0,1,1,1,1,1,1,1,1,1,0,0,1,1,1,1,1,1,0,1,1,1,1,0,0,0,1,0,1,1,0,1,1,1,1,1,2,1,2,1,2,0,4,1,1,3,2,3,4,3,2,1,2,1,1,2,3,2,0,0,2,0,2,3,1,2,2,3,3,1,2,4,2,3,2,4
66,m,18,1,1,1,1,1,1,1,1,1,1,1,1,1,1,1,0,1,1,1,1,1,1,0,1,1,1,1,0,0,0,1,1,1,1,1,0,1,1,1,1,1,1,1,0,1,0,1,0,1,0,1,1,0,1,1,0,1,0,0,0,1,4,4,2,4,4,2,0,3,3,4,3,3,3,1,1,2,3,1,0,3,1,3,0,3,3,3,1,1,2,3,2,3,2,3,2,3,1,3,2
70,m,8,1,1,1,1,0,0,0,0,0,0,1,1,1,0,0,0,1,1,0,1,0,1,0,1,1,0,0,0,0,0,0,1,0,1,NULL,NULL,NULL,NULL,NULL,0,0,1,0,0,NULL,NULL,0,0,NULL,1,NULL,1,NULL,0,0,NULL,NULL,NULL,NULL,NULL,4,4,4,1,NULL,NULL,NULL,NULL,NULL,3,4,3,2,2,3,1,NULL,NULL,NULL,4,2,3,NULL,3,NULL,3,NULL,NULL,0,1,NULL,NULL,NULL,NULL,NULL,NULL,NULL,NULL,NULL,NULL
72,m,18,0,1,1,1,1,1,0,1,1,1,1,1,1,1,1,1,1,1,1,1,1,1,0,1,1,0,1,1,1,1,0,1,0,1,1,1,0,0,1,1,1,0,1,1,1,1,1,1,0,0,1,0,0,0,1,0,1,0,0,0,0,1,1,1,1,3,1,1,1,3,1,0,3,3,2,4,1,1,1,0,1,1,0,0,3,0,2,3,0,2,2,3,3,2,3,1,3,1,1,2
80,f,18,1,1,1,1,1,0,1,1,1,1,1,0,1,1,1,1,1,1,0,0,1,1,0,1,0,1,1,1,0,0,0,1,1,1,1,0,1,0,1,1,1,0,1,1,1,1,1,1,0,0,0,1,0,1,0,1,1,1,0,0,2,1,4,1,4,3,4,1,1,3,2,0,4,3,2,4,2,4,1,2,3,2,0,2,0,3,1,2,2,2,3,2,3,1,3,2,3,2,2,2
82,m,18,1,1,1,1,1,1,1,0,1,1,1,1,1,1,1,1,1,1,1,1,1,1,0,1,1,1,1,1,1,1,0,1,0,0,1,0,0,0,1,1,1,0,1,1,1,1,0,1,0,0,1,1,0,0,1,0,1,1,0,1,1,1,1,0,4,0,1,1,2,3,0,0,3,1,3,3,2,2,2,4,4,3,0,0,3,3,2,2,0,2,1,3,3,2,2,3,1,3,4,2
85,m,11,1,1,1,1,1,1,1,1,1,1,1,1,0,0,0,1,1,0,0,1,1,1,0,1,1,1,0,0,0,0,1,1,0,1,0,0,0,0,1,1,0,1,NULL,0,0,1,0,NULL,NULL,1,1,1,NULL,0,1,0,0,NULL,NULL,NULL,4,4,4,4,4,0,4,4,3,3,4,3,NULL,NULL,NULL,0,0,1,1,4,NULL,NULL,NULL,3,2,3,NULL,NULL,0,1,3,2,1,4,NULL,NULL,NULL,NULL,NULL,NULL
93,m,18,1,1,1,1,1,1,1,1,0,1,1,1,1,1,0,0,1,1,1,1,1,0,0,1,1,0,1,0,0,0,1,1,1,1,1,1,0,0,0,0,0,1,1,0,0,0,0,0,1,0,1,0,0,1,1,0,0,0,0,0,2,2,2,2,2,3,0,4,2,4,2,3,2,2,4,4,4,1,4,2,2,4,4,0,4,0,0,0,1,2,1,4,1,4,2,4,1,3,4,3
98,f,11,1,1,1,1,1,1,1,1,1,1,1,1,1,0,1,0,1,1,0,1,0,1,0,1,1,0,1,1,0,0,0,1,0,1,1,1,1,1,0,0,1,0,0,NULL,0,NULL,1,0,NULL,0,NULL,0,NULL,1,1,0,1,0,NULL,NULL,0,1,1,1,1,3,1,1,1,3,1,1,1,1,1,NULL,0,NULL,NULL,1,2,3,NULL,0,NULL,3,NULL,NULL,1,2,3,1,3,1,3,1,NULL,NULL,NULL,NULL
102,m,18,1,1,1,1,1,1,1,1,1,1,1,1,1,0,1,0,1,1,1,1,1,0,0,1,0,1,1,1,1,1,1,1,1,1,1,1,1,0,1,0,1,0,1,0,0,0,1,1,0,1,0,0,0,1,0,1,1,1,1,1,1,2,4,1,4,3,2,4,3,0,2,0,4,3,1,0,1,4,1,1,3,1,0,3,0,3,4,2,2,1,3,2,3,1,2,4,1,1,1,4
105,m,18,1,1,1,1,1,1,1,1,1,1,1,1,1,0,1,1,1,1,1,0,1,1,0,1,1,0,0,1,1,1,1,1,1,1,1,1,1,1,1,0,1,1,1,0,1,1,0,1,1,0,1,1,0,0,0,0,1,0,0,0,1,4,4,4,2,4,4,4,4,4,4,4,1,3,2,1,2,3,2,2,3,2,1,3,2,3,3,2,0,2,3,2,3,2,3,2,3,2,3,2
108,m,18,1,1,1,1,0,1,1,1,0,1,0,1,1,1,0,0,1,1,1,0,1,1,0,1,1,1,1,1,1,1,0,1,0,1,0,1,0,0,0,0,0,1,1,1,0,0,1,1,0,0,0,0,0,1,0,1,1,1,0,0,0,4,0,2,0,3,0,4,0,2,4,3,0,3,2,2,0,3,1,0,3,2,0,0,0,3,3,2,2,1,3,2,3,1,3,4,3,4,3,4
109,m,10,1,1,1,1,1,1,1,1,1,0,1,1,0,0,0,0,0,0,0,0,0,0,0,0,0,0,0,0,0,0,0,1,0,1,1,1,0,1,1,0,1,1,0,NULL,0,NULL,NULL,0,NULL,0,NULL,0,NULL,0,0,0,0,NULL,NULL,0,0,3,1,1,2,3,0,1,1,2,2,1,0,0,0,NULL,0,NULL,NULL,NULL,0,0,NULL,0,NULL,0,NULL,NULL,0,0,0,0,0,0,NULL,NULL,NULL,NULL,0,0
112,m,18,1,1,1,1,1,1,0,1,1,1,1,1,1,1,0,1,1,0,1,0,1,1,1,1,1,1,1,1,1,1,0,1,1,1,0,0,1,0,1,1,0,1,0,1,0,1,0,0,1,0,1,1,1,0,1,1,1,0,0,0,0,2,2,2,2,0,2,2,2,3,2,2,1,1,2,3,1,3,2,0,3,2,4,3,4,4,3,2,0,4,1,3,3,1,1,3,4,1,4,1
115,m,18,1,1,0,1,1,1,1,1,1,1,1,1,1,1,0,1,1,1,0,1,0,1,1,1,1,0,1,0,0,0,1,1,0,1,1,1,1,1,1,1,1,1,0,1,0,0,0,0,0,1,1,0,1,0,1,1,1,0,0,0,1,1,1,1,4,3,1,1,1,3,1,1,1,3,2,3,1,2,1,4,2,3,0,3,3,0,2,3,0,2,1,3,1,4,1,1,1,1,2,3
118,m,18,1,1,1,1,1,1,1,0,1,1,0,1,1,1,0,1,1,1,0,1,1,1,0,1,1,0,1,1,1,1,NULL,NULL,NULL,NULL,NULL,NULL,NULL,NULL,NULL,NULL,NULL,NULL,0,0,0,1,0,0,0,0,1,1,0,0,1,0,1,1,1,1,NULL,NULL,NULL,NULL,NULL,NULL,NULL,NULL,NULL,NULL,NULL,NULL,4,3,2,4,0,3,1,0,3,2,0,0,3,3,0,0,0,2,3,2,3,2,3,2,3,2,3,2
120,m,16,1,0,1,1,0,0,1,1,1,0,1,1,1,0,1,1,1,1,0,1,1,1,0,1,1,1,0,1,1,0,0,0,1,1,0,0,0,0,1,0,0,1,0,NULL,1,0,1,0,0,1,1,1,0,1,1,1,NULL,1,0,0,1,4,4,4,4,0,0,4,3,2,4,1,4,3,2,NULL,2,2,1,2,2,3,2,3,3,4,1,3,1,1,2,3,NULL,NULL,3,4,3,4,1,4
121,m,18,0,1,1,1,1,1,1,1,1,1,1,1,1,1,1,1,0,1,1,1,0,1,0,1,1,1,1,1,1,1,0,1,0,1,1,1,0,1,1,1,1,1,0,0,1,1,0,0,1,1,0,0,0,1,1,1,0,1,1,0,3,1,4,4,4,3,3,1,3,3,0,1,3,3,1,1,2,3,1,0,3,1,2,3,0,0,3,2,1,2,3,2,3,1,3,1,2,1,3,2
122,m,18,1,1,1,1,1,1,1,1,1,1,1,0,1,1,0,0,1,1,1,0,0,1,0,1,1,0,1,1,1,1,0,0,0,1,1,1,1,1,1,0,0,0,1,1,1,0,0,1,0,0,0,0,0,0,0,0,0,0,0,0,0,0,4,1,4,3,4,1,3,0,1,0,1,1,3,3,1,3,1,0,1,3,0,0,0,0,3,4,0,0,1,1,1,4,0,0,2,1,1,4
124,m,18,1,1,1,1,1,1,1,1,1,1,1,1,1,1,1,1,1,1,1,1,1,1,1,1,1,1,1,1,1,1,0,1,1,1,1,1,0,0,1,1,1,1,0,1,1,0,1,0,1,1,1,1,0,1,1,1,1,1,0,1,1,4,4,4,2,4,0,4,2,4,4,2,2,2,2,2,2,2,3,2,2,4,2,2,2,4,2,2,1,4,1,3,2,3,2,3,2,3,2,3
133,m,7,0,1,1,0,0,0,1,1,1,0,0,1,1,0,0,0,1,1,0,1,0,0,0,0,1,0,0,0,0,0,0,1,0,0,NULL,NULL,1,0,1,NULL,0,1,1,NULL,0,NULL,1,1,NULL,0,NULL,NULL,NULL,NULL,0,0,NULL,NULL,NULL,NULL,3,1,1,0,NULL,NULL,4,1,1,NULL,0,3,2,2,3,NULL,0,NULL,NULL,2,2,3,NULL,2,NULL,NULL,NULL,NULL,NULL,4,0,0,NULL,NULL,NULL,NULL,NULL,NULL,NULL,NULL
136,m,18,1,1,1,1,1,1,1,1,1,0,1,1,1,1,0,0,1,1,1,1,0,1,1,1,1,1,1,1,1,0,0,1,1,1,1,1,1,1,1,0,0,1,0,1,0,0,0,0,1,0,0,0,0,0,1,0,1,1,0,0,1,1,2,4,4,2,1,1,1,2,2,1,4,3,1,4,2,0,0,2,3,1,3,1,2,2,1,3,1,2,1,1,3,1,3,4,2,1,2,4
138,m,18,1,1,1,0,0,0,0,0,0,0,1,0,1,1,0,0,0,1,1,1,1,0,0,1,0,1,1,1,1,1,1,1,0,NULL,0,0,0,0,0,NULL,0,0,1,1,0,0,0,1,1,0,1,0,0,1,1,1,0,1,1,1,1,0,2,NULL,0,2,3,1,1,NULL,2,3,3,3,2,1,1,3,1,1,3,2,1,0,1,3,3,2,1,2,3,2,3,1,3,4,2,4,3,4
140,f,8,1,0,1,1,0,0,0,0,0,0,1,0,0,0,0,0,1,0,1,0,0,0,0,1,0,0,0,0,0,0,0,0,0,1,NULL,0,NULL,0,0,0,1,0,0,NULL,NULL,NULL,0,0,0,0,NULL,0,NULL,1,0,NULL,NULL,NULL,NULL,NULL,0,1,1,1,NULL,1,NULL,1,1,1,2,1,1,1,2,NULL,NULL,NULL,NULL,4,1,4,1,0,NULL,2,NULL,NULL,1,1,NULL,NULL,NULL,NULL,NULL,NULL,NULL,NULL,NULL,NULL
141,m,18,1,1,1,1,0,1,1,1,1,1,1,0,1,1,1,1,1,1,1,1,1,1,1,1,1,1,0,1,1,1,0,1,0,1,0,0,1,0,1,1,0,0,0,1,1,0,1,0,1,1,1,1,1,0,1,0,1,1,1,1,0,4,2,2,2,2,1,1,1,1,4,0,4,3,2,2,2,2,2,2,3,1,0,3,0,1,2,3,0,2,1,3,1,2,3,2,3,2,3,2
144,f,15,1,1,1,1,0,1,0,0,1,0,1,1,1,0,NULL,0,1,1,0,0,0,0,0,1,1,1,0,1,NULL,NULL,1,1,0,1,NULL,1,NULL,1,1,NULL,1,1,0,0,NULL,0,0,0,0,0,0,0,0,1,1,0,0,1,NULL,NULL,2,2,2,2,NULL,3,NULL,2,2,NULL,2,2,3,3,4,4,NULL,0,0,4,1,4,4,0,1,3,3,4,1,4,0,0,3,4,2,4,NULL,NULL,NULL,NULL
147,f,18,0,1,1,1,1,1,0,1,1,1,1,1,1,1,1,1,1,1,1,1,1,1,1,1,1,1,1,1,1,1,1,1,1,1,1,1,1,1,1,1,1,1,1,1,1,1,1,1,1,1,1,1,1,1,1,1,1,1,1,1,1,1,1,2,2,4,4,1,1,3,2,1,4,3,2,1,2,1,3,4,1,4,1,0,4,1,1,3,1,0,2,4,1,4,2,4,4,4,4,4
149,f,11,0,1,0,1,1,0,1,0,1,0,1,0,0,0,0,NULL,0,0,NULL,1,NULL,0,NULL,1,0,1,0,NULL,NULL,NULL,0,1,0,1,1,0,0,0,1,0,0,0,0,0,0,NULL,0,0,NULL,1,NULL,0,NULL,1,0,1,0,NULL,NULL,NULL,0,4,4,4,4,3,4,4,3,4,4,0,1,1,3,4,0,NULL,NULL,1,1,3,NULL,3,NULL,2,NULL,NULL,2,4,1,3,1,3,NULL,NULL,NULL,NULL,NULL,NULL
152,f,17,1,1,1,1,1,1,1,0,1,1,1,1,0,1,1,0,1,1,1,1,1,0,NULL,1,1,1,1,1,0,0,0,1,1,1,1,1,1,0,1,1,1,1,1,1,0,0,1,0,1,1,1,0,NULL,1,1,0,1,1,0,0,1,4,4,2,4,3,4,4,3,3,4,2,1,1,4,1,0,1,3,4,1,1,4,0,3,3,NULL,NULL,2,2,1,4,3,1,2,3,3,2,1,2
153,m,17,1,1,1,1,0,1,1,0,1,1,0,1,0,1,1,1,1,0,0,1,1,1,0,1,0,0,NULL,1,1,1,1,1,1,1,0,0,0,0,1,1,0,0,0,1,0,1,1,0,0,1,1,0,0,1,0,0,NULL,1,0,1,1,2,4,2,4,0,0,4,2,3,0,0,2,2,3,4,2,1,3,2,1,3,2,3,3,3,3,2,3,2,1,3,NULL,NULL,2,1,3,2,1,4
154,f,10,0,1,1,1,1,1,1,1,1,1,0,1,1,1,NULL,NULL,1,1,1,1,1,1,NULL,1,0,NULL,NULL,NULL,NULL,NULL,0,1,1,1,1,1,1,1,1,1,0,1,0,1,NULL,NULL,1,0,1,0,0,0,NULL,1,0,NULL,NULL,NULL,NULL,NULL,3,4,2,1,4,3,4,1,2,3,2,3,4,3,1,1,NULL,NULL,NULL,2,3,1,3,0,0,0,NULL,NULL,1,2,NULL,NULL,NULL,NULL,NULL,NULL,NULL,NULL,NULL,NULL
155,m,18,0,1,1,1,1,1,1,1,1,1,1,1,1,0,1,0,0,1,0,1,1,1,0,1,1,0,0,0,0,1,1,1,1,1,1,1,1,1,1,1,1,1,1,0,1,0,0,1,0,1,1,0,0,1,1,0,0,0,0,1,1,1,2,1,1,3,1,1,1,1,1,1,2,2,4,2,0,2,4,2,3,2,0,0,2,0,2,3,1,2,2,3,3,1,3,2,3,2,2,1
156,m,18,0,1,0,1,0,1,0,0,1,0,1,1,1,1,0,1,1,1,0,1,1,0,1,0,1,0,0,0,0,0,1,1,0,1,0,1,1,0,1,0,1,1,1,1,0,1,0,1,0,1,1,0,1,0,1,0,0,0,0,0,1,2,2,2,2,3,2,2,2,2,2,2,2,2,1,1,1,3,1,2,3,1,1,3,3,3,3,2,2,2,3,2,3,1,3,1,3,1,3,2
157,m,16,0,0,0,0,0,0,0,0,1,0,0,1,1,1,1,NULL,1,1,1,1,0,0,NULL,0,1,1,1,1,0,0,0,0,0,NULL,NULL,NULL,NULL,NULL,1,NULL,0,1,1,1,1,NULL,1,1,1,0,0,0,NULL,0,1,1,1,1,0,0,3,2,4,NULL,NULL,NULL,NULL,NULL,2,NULL,3,2,2,1,3,1,2,NULL,NULL,2,3,2,2,2,1,0,NULL,NULL,0,2,2,3,3,2,2,1,3,2,3,1
158,m,18,0,1,1,0,0,1,1,0,1,0,1,1,1,1,1,1,1,1,1,0,1,1,0,1,1,0,1,0,0,0,0,1,1,1,0,1,0,0,0,0,1,0,1,1,0,1,1,1,0,0,1,1,0,1,1,0,1,0,0,0,4,2,2,1,2,4,0,4,1,3,4,0,1,3,1,1,4,1,3,2,1,2,4,3,3,3,2,3,1,2,1,3,3,1,2,3,3,1,4,3
159,m,18,0,1,0,1,1,0,1,1,1,1,1,1,1,1,0,1,1,1,1,0,1,1,1,1,0,0,1,0,0,0,0,1,0,1,0,0,1,1,1,1,1,0,1,1,0,1,0,1,1,0,1,1,0,1,0,0,1,0,0,0,0,1,3,2,4,4,1,4,2,3,2,0,2,2,3,1,1,2,3,1,2,3,1,1,1,4,3,1,1,2,3,1,3,1,2,3,2,4,2,3
160,m,14,1,1,1,1,0,0,1,0,0,0,1,1,0,0,NULL,NULL,1,1,0,0,NULL,0,NULL,1,1,0,0,1,0,0,1,0,0,1,0,0,0,NULL,0,0,1,1,0,0,NULL,NULL,0,0,0,0,NULL,0,NULL,1,1,0,0,1,0,0,1,4,4,1,4,3,4,NULL,1,0,2,3,3,3,1,4,NULL,NULL,NULL,2,2,3,3,3,NULL,4,NULL,NULL,1,2,2,3,0,0,3,2,3,2,3,4
161,m,7,0,1,1,0,0,0,0,0,0,0,0,0,0,NULL,NULL,NULL,0,0,NULL,1,NULL,0,NULL,1,0,NULL,NULL,NULL,NULL,NULL,NULL,1,1,NULL,NULL,0,NULL,0,0,0,NULL,NULL,0,NULL,NULL,NULL,0,0,NULL,0,NULL,0,NULL,0,0,NULL,NULL,NULL,NULL,NULL,NULL,2,1,NULL,NULL,1,NULL,1,3,1,NULL,NULL,1,1,4,NULL,NULL,NULL,NULL,4,3,2,NULL,1,NULL,0,NULL,NULL,0,2,NULL,NULL,NULL,NULL,NULL,NULL,NULL,NULL,NULL,NULL
162,m,18,0,1,0,1,1,1,1,1,1,1,1,1,1,1,1,1,1,1,0,1,1,1,1,1,1,0,1,1,0,0,NULL,NULL,NULL,NULL,NULL,NULL,NULL,NULL,NULL,NULL,NULL,NULL,NULL,NULL,NULL,NULL,NULL,NULL,NULL,NULL,NULL,NULL,NULL,NULL,NULL,NULL,NULL,NULL,NULL,NULL,NULL,NULL,NULL,NULL,NULL,NULL,NULL,NULL,NULL,NULL,NULL,NULL,NULL,NULL,NULL,NULL,NULL,NULL,NULL,NULL,NULL,NULL,NULL,NULL,NULL,NULL,NULL,NULL,NULL,NULL,NULL,NULL,NULL,NULL,NULL,NULL,NULL,NULL,NULL,NULL
164,m,9,0,1,0,1,1,1,0,0,1,0,1,0,0,NULL,NULL,NULL,0,1,NULL,1,NULL,1,NULL,1,NULL,0,1,NULL,0,NULL,0,1,NULL,1,1,1,NULL,NULL,1,NULL,1,0,0,NULL,NULL,NULL,0,0,NULL,0,NULL,1,NULL,1,NULL,0,1,NULL,0,NULL,2,1,NULL,1,4,3,NULL,NULL,2,NULL,2,4,2,2,3,NULL,NULL,NULL,NULL,2,2,3,NULL,0,NULL,2,NULL,NULL,2,NULL,2,3,3,1,NULL,NULL,3,2,NULL,NULL
165,m,14,0,1,1,1,0,1,1,0,1,1,1,1,1,0,1,NULL,1,1,1,1,NULL,0,NULL,1,0,1,1,NULL,0,0,0,1,1,1,1,0,1,NULL,1,1,1,1,0,0,1,NULL,1,1,1,0,NULL,1,NULL,1,0,0,1,NULL,0,0,1,1,1,1,2,0,1,NULL,1,3,2,1,2,3,1,1,2,NULL,NULL,2,3,2,2,0,NULL,3,NULL,NULL,1,2,3,2,3,2,NULL,NULL,1,3,1,3
166,m,18,1,1,1,1,1,1,1,0,1,1,1,1,1,1,0,1,1,0,0,0,0,1,0,1,0,1,1,1,1,0,0,1,1,1,1,1,0,0,0,1,0,1,1,1,0,1,0,0,0,0,0,1,0,1,0,1,0,0,0,0,2,1,4,1,4,4,0,4,4,4,2,3,4,3,2,1,2,1,1,4,3,2,4,0,4,4,2,3,1,4,2,3,4,1,2,4,2,4,1,4
167,m,18,1,1,1,1,1,1,1,1,1,0,1,1,0,0,0,1,1,0,0,0,0,1,0,1,1,0,0,1,1,1,1,1,1,1,1,1,1,1,1,0,1,0,0,0,0,1,1,0,0,0,1,1,0,0,1,0,0,1,1,0,2,2,1,1,4,3,1,2,1,1,2,4,2,1,4,2,2,3,2,2,2,4,0,0,1,3,0,0,0,2,2,1,2,3,2,3,2,3,1,1
169,m,11,0,1,1,1,NULL,1,1,1,1,0,0,1,1,NULL,NULL,NULL,1,1,0,0,0,1,NULL,0,0,NULL,0,NULL,1,NULL,NULL,NULL,NULL,NULL,NULL,NULL,NULL,NULL,NULL,NULL,NULL,NULL,NULL,NULL,NULL,NULL,NULL,NULL,NULL,NULL,NULL,NULL,NULL,NULL,NULL,NULL,NULL,NULL,NULL,NULL,NULL,NULL,NULL,NULL,NULL,NULL,NULL,NULL,NULL,NULL,NULL,NULL,NULL,NULL,NULL,NULL,NULL,NULL,NULL,NULL,NULL,NULL,NULL,NULL,NULL,NULL,NULL,NULL,NULL,NULL,NULL,NULL,NULL,NULL,NULL,NULL,NULL,NULL,NULL,NULL
177,m,18,0,1,0,1,0,1,0,0,1,0,1,1,1,0,0,1,1,1,0,1,1,0,0,1,1,0,1,0,0,0,0,1,1,1,0,1,0,0,1,0,1,1,0,0,0,1,1,0,0,1,1,0,0,0,1,0,1,0,0,0,0,1,2,2,2,2,0,2,2,2,2,2,4,3,2,2,2,3,2,2,4,2,4,3,3,2,4,2,0,2,4,2,3,2,3,4,3,2,4,2
180,f,18,0,1,0,1,1,1,1,1,0,0,1,1,1,0,0,0,1,1,0,1,1,1,0,1,1,0,1,1,1,1,0,1,0,1,1,1,1,0,0,0,1,0,1,1,1,1,1,1,0,1,0,0,0,1,0,0,0,1,0,1,2,2,2,2,2,1,2,1,2,0,2,2,4,3,2,1,2,3,2,2,3,2,0,3,0,0,3,2,2,2,3,2,3,2,3,2,3,2,3,1
183,m,4,NULL,1,0,0,0,0,0,0,1,NULL,1,0,NULL,NULL,0,NULL,0,NULL,NULL,0,NULL,NULL,NULL,0,NULL,NULL,NULL,NULL,NULL,NULL,NULL,1,0,0,0,1,0,0,1,NULL,1,0,NULL,NULL,0,NULL,0,NULL,NULL,0,NULL,NULL,NULL,0,NULL,NULL,NULL,NULL,NULL,NULL,NULL,1,4,0,2,4,0,2,2,NULL,0,2,NULL,NULL,NULL,NULL,2,NULL,NULL,4,NULL,NULL,NULL,3,NULL,NULL,NULL,NULL,2,NULL,NULL,NULL,NULL,NULL,NULL,NULL,NULL,NULL,NULL,NULL
188,f,13,NULL,1,1,1,0,1,1,0,1,1,1,1,1,0,NULL,0,1,1,1,0,NULL,NULL,NULL,1,1,1,1,1,1,NULL,NULL,1,0,1,0,1,1,0,1,1,1,1,1,0,NULL,0,1,1,1,0,NULL,NULL,NULL,1,1,1,1,0,1,NULL,NULL,1,4,1,1,1,1,1,1,3,1,3,4,3,1,1,NULL,3,2,2,3,1,1,1,NULL,NULL,NULL,NULL,1,1,3,2,3,1,0,0,3,2,NULL,NULL
189,m,11,1,1,0,NULL,NULL,NULL,0,0,NULL,NULL,1,1,1,NULL,1,1,1,1,NULL,0,NULL,NULL,NULL,0,1,0,NULL,1,1,NULL,1,1,1,NULL,NULL,NULL,0,0,NULL,NULL,0,1,0,NULL,1,0,1,0,NULL,0,NULL,NULL,NULL,0,1,0,NULL,1,1,NULL,2,2,2,NULL,NULL,NULL,3,3,NULL,NULL,2,2,2,2,3,NULL,2,4,2,2,3,2,NULL,2,NULL,NULL,NULL,NULL,0,2,1,4,NULL,NULL,1,3,2,3,NULL,NULL
190,m,18,0,1,0,1,1,1,1,0,1,1,1,1,1,1,0,1,0,1,1,1,1,1,1,1,1,1,1,1,1,1,1,1,0,1,1,1,1,0,1,1,0,0,1,1,0,1,0,1,1,1,1,1,1,0,1,1,1,1,1,1,1,1,1,1,4,3,1,1,1,3,4,1,1,1,4,1,2,2,1,0,2,1,1,3,4,1,2,1,0,0,4,3,2,2,2,3,1,3,1,3
191,f,18,1,1,1,0,0,0,1,0,0,0,0,1,1,1,1,1,0,1,1,1,1,0,1,1,1,1,1,0,0,0,0,1,1,1,0,0,1,0,0,0,0,1,1,1,1,0,1,0,1,0,0,0,1,1,1,1,1,0,0,0,3,4,4,4,4,3,2,4,2,3,4,4,2,2,2,3,2,3,1,4,3,1,2,0,0,3,3,2,1,2,3,2,3,1,3,2,3,2,3,1
193,m,18,1,1,1,1,0,1,1,0,1,1,1,1,1,1,1,1,0,1,1,1,1,1,1,1,1,1,1,1,1,1,1,1,1,1,1,1,1,1,1,1,1,1,0,0,1,1,1,0,1,1,1,1,1,1,1,1,1,1,0,1,2,1,4,2,4,3,4,1,1,3,2,2,4,3,1,4,2,3,1,4,3,4,4,3,3,3,2,3,1,2,2,3,3,1,2,4,2,4,2,4
194,f,14,0,1,0,1,1,1,1,1,1,1,1,1,1,NULL,NULL,NULL,0,1,1,1,0,1,0,1,0,NULL,1,1,1,1,0,1,1,1,1,1,1,1,1,1,1,1,1,NULL,NULL,NULL,0,1,1,1,0,0,0,1,0,NULL,1,1,0,1,0,1,1,1,1,3,1,1,1,3,1,1,4,3,2,NULL,NULL,NULL,NULL,0,3,1,1,3,1,0,3,1,1,4,NULL,NULL,3,1,2,3,2,4,2,4
198,f,18,0,1,1,1,1,1,1,1,1,0,1,1,1,1,1,1,1,1,1,1,1,1,0,1,1,0,1,1,1,1,0,1,1,1,1,0,0,1,1,0,1,0,0,1,1,1,1,0,1,0,1,0,0,0,1,0,1,1,1,1,1,2,2,1,4,4,0,1,4,2,0,0,2,2,1,1,2,2,1,2,2,1,2,0,1,2,2,3,0,2,2,3,3,1,2,3,2,4,2,3
200,m,10,NULL,0,0,1,1,0,0,NULL,NULL,NULL,0,NULL,NULL,NULL,NULL,NULL,NULL,NULL,NULL,NULL,NULL,NULL,NULL,NULL,NULL,NULL,NULL,NULL,NULL,NULL,NULL,0,1,1,1,0,0,NULL,NULL,NULL,0,NULL,0,1,NULL,NULL,0,1,0,0,NULL,0,NULL,0,1,NULL,NULL,NULL,0,NULL,NULL,0,2,4,2,4,3,NULL,NULL,NULL,0,NULL,4,3,1,2,NULL,NULL,NULL,4,3,1,0,0,NULL,2,NULL,NULL,2,2,NULL,NULL,NULL,NULL,NULL,NULL,2,3,NULL,NULL
337,m,18,1,1,1,1,1,1,1,1,1,1,1,1,1,1,1,0,1,1,1,1,1,1,1,1,1,1,1,1,1,1,0,1,1,1,1,1,1,1,1,1,1,1,0,1,1,0,0,0,1,1,1,1,1,1,0,1,1,1,1,1,4,1,4,1,1,3,1,1,2,2,3,4,4,3,4,3,2,1,3,0,3,2,4,2,3,2,2,3,1,4,4,3,1,3,1,3,1,3,2,3
339,f,18,1,1,0,1,1,1,1,0,1,0,1,1,1,1,1,1,1,1,1,1,1,1,1,1,1,1,1,0,0,0,1,1,0,1,1,0,0,0,1,0,1,1,1,1,1,1,1,1,1,1,1,1,1,1,1,0,1,0,0,0,2,1,1,1,1,2,0,2,2,2,2,2,2,2,3,3,2,2,3,2,1,3,1,1,2,3,2,3,2,2,1,3,1,3,1,3,1,3,1,3
340,m,11,NULL,1,0,1,0,NULL,NULL,0,1,NULL,1,0,1,NULL,NULL,NULL,1,1,NULL,1,1,1,NULL,0,1,0,0,NULL,1,NULL,NULL,NULL,NULL,NULL,NULL,NULL,NULL,NULL,NULL,NULL,NULL,NULL,NULL,NULL,NULL,NULL,NULL,NULL,NULL,NULL,NULL,NULL,NULL,NULL,NULL,NULL,NULL,NULL,NULL,NULL,NULL,NULL,NULL,NULL,NULL,NULL,NULL,NULL,NULL,NULL,NULL,NULL,NULL,NULL,NULL,NULL,NULL,NULL,NULL,NULL,NULL,NULL,NULL,NULL,NULL,NULL,NULL,NULL,NULL,NULL,NULL,NULL,NULL,NULL,NULL,NULL,NULL,NULL,NULL,NULL
341,m,16,0,1,0,1,1,0,NULL,NULL,0,0,0,1,1,1,0,0,1,1,0,1,1,1,0,0,1,1,1,1,NULL,NULL,1,1,0,1,1,0,NULL,NULL,1,0,0,1,1,0,0,0,1,0,0,1,1,1,0,0,1,0,1,0,NULL,NULL,2,0,2,2,4,0,NULL,NULL,3,2,2,2,2,2,4,2,2,3,2,2,4,2,4,3,3,3,1,3,0,2,1,3,3,1,3,4,NULL,NULL,NULL,NULL
344,f,18,1,1,0,1,0,0,1,1,1,0,0,1,1,1,1,1,1,1,1,0,1,0,0,1,1,0,0,0,1,1,0,1,0,1,0,0,1,1,1,1,0,1,1,1,1,1,0,0,1,0,0,0,0,1,1,0,0,0,0,1,0,2,0,1,4,3,2,2,2,2,4,2,4,3,2,1,1,3,2,4,3,2,1,1,3,0,3,2,1,3,3,2,3,1,3,1,3,1,3,2
345,m,9,0,0,0,0,NULL,0,NULL,0,NULL,0,0,NULL,0,NULL,NULL,1,1,0,NULL,0,1,0,NULL,0,1,NULL,NULL,NULL,NULL,NULL,0,0,0,0,NULL,0,NULL,0,NULL,0,0,NULL,0,NULL,NULL,0,1,0,NULL,0,1,0,NULL,0,0,NULL,NULL,NULL,NULL,NULL,0,0,0,0,NULL,0,NULL,0,NULL,0,0,NULL,4,3,4,NULL,NULL,4,1,2,3,4,NULL,3,4,3,NULL,NULL,0,4,NULL,NULL,NULL,NULL,NULL,NULL,NULL,NULL,NULL,NULL
346,m,18,1,1,0,1,0,1,1,0,1,0,1,1,0,0,1,1,1,1,1,1,1,0,0,1,1,0,1,0,0,0,NULL,NULL,NULL,NULL,NULL,NULL,NULL,NULL,NULL,NULL,NULL,NULL,NULL,NULL,NULL,NULL,NULL,NULL,NULL,NULL,NULL,NULL,NULL,NULL,NULL,NULL,NULL,NULL,NULL,NULL,NULL,NULL,NULL,NULL,NULL,NULL,NULL,NULL,NULL,NULL,NULL,NULL,NULL,NULL,NULL,NULL,NULL,NULL,NULL,NULL,NULL,NULL,NULL,NULL,NULL,NULL,NULL,NULL,NULL,NULL,NULL,NULL,NULL,NULL,NULL,NULL,NULL,NULL,NULL,NULL
347,m,13,1,0,0,1,1,1,NULL,0,1,0,1,NULL,0,0,0,NULL,1,1,0,1,NULL,0,NULL,1,1,NULL,0,0,NULL,0,1,0,0,1,1,0,NULL,0,1,0,0,NULL,0,0,0,NULL,0,0,0,0,NULL,0,NULL,1,0,NULL,1,0,NULL,0,4,4,4,4,4,0,NULL,2,3,0,4,NULL,2,3,1,4,4,NULL,NULL,4,3,2,4,4,NULL,4,NULL,NULL,2,4,NULL,NULL,3,1,3,2,NULL,NULL,3,1
348,m,NULL,1,1,0,1,1,1,1,0,1,1,1,1,NULL,NULL,NULL,NULL,NULL,NULL,NULL,NULL,NULL,NULL,NULL,NULL,NULL,NULL,NULL,NULL,NULL,NULL,1,1,0,1,1,1,1,0,1,1,1,1,NULL,NULL,NULL,NULL,NULL,NULL,NULL,NULL,NULL,NULL,NULL,NULL,NULL,NULL,NULL,NULL,NULL,NULL,2,1,2,1,2,3,2,2,1,3,2,1,NULL,NULL,NULL,NULL,NULL,NULL,NULL,NULL,NULL,NULL,NULL,NULL,NULL,NULL,NULL,NULL,NULL,NULL,NULL,NULL,NULL,NULL,NULL,NULL,NULL,NULL,NULL,NULL
349,m,12,0,1,1,0,1,1,NULL,0,NULL,NULL,1,1,0,NULL,NULL,NULL,1,1,NULL,0,NULL,1,NULL,1,1,1,1,1,1,0,0,0,0,0,1,1,NULL,0,NULL,NULL,0,1,0,NULL,NULL,NULL,1,0,NULL,0,NULL,0,NULL,0,1,1,1,1,1,0,0,3,0,4,4,2,NULL,4,NULL,NULL,0,3,3,3,1,NULL,NULL,NULL,NULL,2,3,1,NULL,0,NULL,0,NULL,NULL,0,2,3,2,1,3,1,4,1,4,2,4
351,f,18,0,1,1,1,1,0,1,1,1,1,0,0,1,0,0,0,0,1,1,0,0,0,0,1,1,1,0,1,0,0,0,1,1,1,1,0,1,1,1,1,0,0,1,0,0,0,0,1,0,0,0,0,0,0,1,1,0,1,0,0,2,0,0,2,4,0,2,0,0,0,0,0,4,3,2,0,1,3,1,0,3,1,0,3,0,3,3,1,0,2,3,2,4,1,3,2,0,0,3,2
352,m,18,1,1,1,1,1,1,1,0,1,0,1,0,1,1,1,1,1,0,0,0,0,1,0,1,1,1,1,1,0,0,1,1,1,1,1,1,1,1,1,0,1,0,0,0,0,1,1,0,0,0,0,1,0,0,0,1,1,0,0,0,1,1,4,1,4,3,4,1,1,0,2,0,4,3,1,1,2,3,1,2,0,0,0,1,3,4,2,3,0,2,2,3,3,2,2,4,3,2,1,4
354,f,16,1,1,1,1,NULL,1,1,NULL,NULL,NULL,NULL,NULL,1,0,NULL,1,0,1,1,1,NULL,1,0,1,1,0,1,1,0,0,1,1,1,1,NULL,1,1,NULL,NULL,NULL,NULL,NULL,1,0,NULL,0,0,0,1,1,NULL,1,0,0,1,0,1,0,0,0,1,1,4,4,NULL,3,4,NULL,NULL,NULL,NULL,NULL,1,3,1,4,NULL,3,1,1,3,1,1,3,NULL,4,3,2,0,0,3,2,3,1,3,2,3,2,3,2
355,f,18,0,1,1,1,0,1,1,1,0,0,0,1,1,1,1,1,1,1,1,0,0,0,0,1,1,0,0,1,1,1,0,1,0,1,0,1,0,1,0,0,0,1,1,0,0,0,1,1,1,0,0,0,0,0,0,0,0,1,1,1,0,2,4,2,4,3,4,2,4,0,4,3,1,3,2,4,0,3,2,4,3,2,4,0,2,3,3,2,0,4,1,2,3,2,3,2,3,2,3,2
356,m,18,0,0,1,1,0,NULL,0,NULL,1,NULL,0,0,0,0,1,1,0,0,0,0,0,1,0,1,0,0,0,0,0,0,0,0,1,1,0,NULL,0,NULL,0,NULL,0,0,0,0,1,1,0,0,0,0,0,0,0,1,0,0,0,0,0,0,0,4,2,2,2,NULL,0,NULL,2,NULL,2,0,1,1,2,2,2,4,2,2,3,2,2,2,2,3,3,2,2,2,3,2,3,1,2,1,2,1,2,4
358,m,18,0,1,0,1,0,NULL,1,NULL,1,1,0,1,1,0,0,1,0,1,0,1,1,1,0,1,1,0,0,1,1,0,0,1,0,1,0,NULL,1,NULL,1,1,0,1,1,0,0,1,0,1,0,0,1,1,0,1,0,0,1,0,0,0,0,4,4,4,4,NULL,4,NULL,2,3,4,4,2,1,3,4,0,1,3,4,1,3,4,4,3,3,2,3,4,4,1,3,2,3,3,2,2,3,3,2
360,m,4,NULL,0,0,0,0,NULL,NULL,NULL,NULL,0,0,0,0,NULL,NULL,NULL,NULL,1,NULL,NULL,NULL,NULL,NULL,0,0,NULL,NULL,NULL,NULL,NULL,NULL,1,0,0,0,NULL,NULL,NULL,NULL,0,0,0,0,NULL,NULL,NULL,NULL,1,NULL,NULL,NULL,NULL,NULL,0,0,NULL,NULL,NULL,NULL,NULL,NULL,1,1,1,0,NULL,NULL,NULL,NULL,1,0,0,2,3,1,NULL,NULL,NULL,NULL,NULL,3,1,NULL,NULL,NULL,NULL,NULL,NULL,0,2,NULL,NULL,NULL,NULL,NULL,NULL,NULL,NULL,NULL,NULL
362,m,18,0,0,0,1,0,0,1,0,1,0,0,1,1,1,1,1,1,1,1,0,1,0,1,1,1,0,1,0,0,0,1,0,0,1,0,0,0,0,0,1,0,0,1,1,1,0,0,1,1,0,0,0,1,0,1,0,1,0,0,0,1,0,4,4,4,4,4,4,4,4,4,1,3,3,1,1,1,3,1,4,3,2,4,0,3,3,3,2,0,2,3,2,3,1,2,4,3,4,1,4
363,m,14,1,1,0,1,1,1,1,0,1,0,1,0,0,0,1,NULL,1,1,NULL,1,1,1,1,1,1,1,1,NULL,1,NULL,NULL,NULL,NULL,NULL,NULL,NULL,NULL,NULL,NULL,NULL,NULL,NULL,NULL,NULL,NULL,NULL,NULL,NULL,NULL,NULL,NULL,NULL,NULL,NULL,NULL,NULL,NULL,NULL,NULL,NULL,NULL,NULL,NULL,NULL,NULL,NULL,NULL,NULL,NULL,NULL,NULL,NULL,NULL,NULL,NULL,NULL,NULL,NULL,NULL,NULL,NULL,NULL,NULL,NULL,NULL,NULL,NULL,NULL,NULL,NULL,NULL,NULL,NULL,NULL,NULL,NULL,NULL,NULL,NULL,NULL
364,m,18,0,1,0,0,0,0,NULL,0,NULL,NULL,1,1,0,0,0,1,1,1,1,0,1,1,0,1,0,1,0,1,0,0,0,1,0,0,0,0,NULL,0,NULL,NULL,1,1,0,0,1,0,1,0,1,0,1,1,0,0,0,1,0,0,0,0,3,1,4,1,2,3,NULL,0,NULL,NULL,4,2,4,1,3,3,2,3,1,2,3,1,2,2,2,2,3,2,0,2,3,2,0,0,3,2,3,1,3,2
365,f,18,1,1,1,1,0,1,1,1,1,0,1,1,1,0,1,0,1,1,0,0,0,0,0,1,1,1,1,1,0,0,1,1,0,1,0,1,1,1,1,0,1,0,0,0,0,0,1,1,0,0,0,0,0,1,0,0,0,1,0,0,1,1,1,1,1,3,1,1,1,1,1,0,1,3,1,1,1,1,3,2,1,3,1,2,2,2,1,3,2,4,1,3,2,3,2,3,1,3,1,3
366,f,13,1,1,1,1,NULL,0,NULL,0,1,0,0,1,1,1,1,NULL,1,1,0,0,1,1,NULL,1,1,1,1,NULL,NULL,NULL,1,1,1,1,NULL,0,NULL,0,1,0,0,1,1,1,1,NULL,0,1,0,0,1,1,NULL,1,1,1,1,NULL,NULL,NULL,1,4,4,4,NULL,1,NULL,4,3,4,2,3,1,1,4,1,1,NULL,NULL,2,2,3,4,0,4,4,NULL,NULL,1,4,2,3,4,2,NULL,NULL,NULL,NULL,NULL,NULL
367,m,9,1,NULL,1,0,NULL,NULL,NULL,0,NULL,0,1,1,0,0,NULL,NULL,0,0,NULL,0,0,0,NULL,0,0,NULL,NULL,NULL,NULL,NULL,1,NULL,1,0,NULL,NULL,NULL,0,NULL,0,0,1,0,0,NULL,NULL,0,0,NULL,0,0,0,NULL,0,0,NULL,NULL,NULL,NULL,NULL,1,NULL,1,1,NULL,NULL,NULL,0,NULL,1,2,1,1,1,1,1,NULL,NULL,NULL,1,0,0,NULL,1,1,1,NULL,NULL,1,1,NULL,NULL,NULL,NULL,NULL,NULL,NULL,NULL,NULL,NULL
368,f,16,0,1,1,1,1,1,1,0,1,1,1,1,1,1,1,1,1,1,0,1,1,0,0,1,1,0,1,NULL,1,NULL,NULL,NULL,NULL,NULL,NULL,NULL,NULL,NULL,NULL,NULL,NULL,NULL,NULL,NULL,NULL,NULL,NULL,NULL,NULL,NULL,NULL,NULL,NULL,NULL,NULL,NULL,NULL,NULL,NULL,NULL,NULL,NULL,NULL,NULL,NULL,NULL,NULL,NULL,NULL,NULL,NULL,NULL,NULL,NULL,NULL,NULL,NULL,NULL,NULL,NULL,NULL,NULL,NULL,NULL,NULL,NULL,NULL,NULL,NULL,NULL,NULL,NULL,NULL,NULL,NULL,NULL,NULL,NULL,NULL,NULL
369,f,18,1,1,1,1,0,1,1,0,0,0,1,1,0,1,1,0,1,1,1,1,1,1,1,0,1,1,1,1,1,0,1,1,1,1,0,1,1,0,1,0,1,1,0,0,0,0,0,0,1,1,1,1,1,0,0,1,1,1,1,0,2,1,1,1,2,3,1,1,3,1,2,1,4,3,1,1,1,3,1,4,3,1,4,1,4,3,3,1,0,4,3,1,3,1,3,1,3,1,3,1
370,f,18,1,1,1,0,1,0,1,1,1,1,1,1,1,0,1,1,0,1,1,1,1,1,0,0,1,0,1,1,1,1,1,1,0,0,1,0,0,1,1,1,0,1,1,0,0,1,0,1,1,0,0,1,0,1,0,0,1,0,1,0,1,1,1,3,4,1,0,1,1,3,4,3,4,3,1,1,1,3,1,1,3,1,1,0,3,1,3,2,1,2,3,1,3,1,2,1,3,4,3,4
371,f,13,0,1,0,1,1,1,1,0,1,1,1,1,1,1,1,NULL,1,0,NULL,1,NULL,0,NULL,0,1,0,1,NULL,1,0,0,0,0,1,1,1,1,0,1,0,1,0,0,1,0,NULL,1,0,NULL,0,NULL,0,NULL,0,1,0,1,NULL,0,0,0,1,4,1,4,1,4,1,3,3,4,0,4,3,1,1,0,NULL,NULL,4,3,1,NULL,0,NULL,4,NULL,NULL,1,2,2,3,2,3,NULL,NULL,2,3,2,3
372,m,14,1,1,1,1,1,1,1,0,1,1,1,1,0,1,NULL,NULL,1,0,NULL,1,1,1,NULL,1,1,1,1,1,1,0,1,1,0,1,1,1,1,0,1,1,1,1,0,1,NULL,NULL,0,0,NULL,1,1,0,NULL,0,1,1,1,1,1,0,4,3,2,2,4,3,2,2,2,4,4,2,1,1,2,1,NULL,NULL,NULL,2,3,2,NULL,2,2,3,NULL,NULL,0,2,3,2,3,2,3,2,3,2,3,2
373,f,16,0,1,1,1,0,0,1,1,1,0,0,1,1,1,1,1,1,1,1,0,1,1,NULL,1,0,1,NULL,1,1,1,0,1,1,1,0,0,0,1,1,0,0,1,1,0,1,1,0,1,1,0,1,1,NULL,1,0,1,NULL,0,0,1,1,1,1,1,0,1,1,1,1,1,4,2,3,1,1,1,1,3,1,4,3,1,1,0,2,1,NULL,NULL,1,0,3,1,NULL,NULL,3,1,2,1,1,4
374,m,18,0,1,0,1,1,1,1,0,1,1,0,0,0,0,0,0,0,0,0,0,0,0,0,0,0,0,0,0,0,0,0,1,0,1,1,1,1,0,1,1,0,0,0,0,0,0,0,0,0,0,0,0,0,0,0,0,0,0,0,0,0,4,4,4,4,3,4,4,3,4,4,0,0,0,0,0,0,0,0,0,0,0,0,0,0,0,0,0,0,0,0,0,0,0,0,0,0,0,0,0
375,m,17,1,NULL,1,1,NULL,NULL,NULL,NULL,NULL,NULL,0,NULL,1,1,0,NULL,1,1,1,1,0,1,0,0,1,1,1,1,1,0,1,NULL,1,1,NULL,NULL,NULL,NULL,NULL,NULL,0,NULL,1,1,0,NULL,0,1,0,1,0,1,0,0,1,1,1,1,1,0,2,NULL,2,2,NULL,NULL,NULL,NULL,NULL,NULL,1,NULL,2,1,1,4,2,NULL,NULL,2,2,3,0,3,2,3,2,3,0,2,1,3,3,2,1,1,3,2,3,2
376,m,18,1,0,1,1,1,1,1,0,1,0,0,1,1,1,1,1,1,1,0,0,1,1,0,1,1,0,1,0,0,0,1,1,1,1,1,1,0,0,1,0,0,1,0,1,1,1,0,1,0,0,0,0,0,1,0,0,1,0,0,0,1,4,4,4,4,3,4,4,4,3,4,2,4,3,1,3,2,3,1,2,3,1,2,0,0,0,3,4,2,1,3,2,3,4,0,0,3,4,3,4
377,m,15,0,0,1,1,0,0,1,0,1,0,0,0,0,1,1,0,1,NULL,NULL,0,1,0,0,1,1,1,NULL,1,0,0,NULL,NULL,NULL,NULL,NULL,NULL,NULL,NULL,NULL,NULL,NULL,NULL,NULL,NULL,NULL,NULL,NULL,NULL,NULL,NULL,NULL,NULL,NULL,NULL,NULL,NULL,NULL,NULL,NULL,NULL,NULL,NULL,NULL,NULL,NULL,NULL,NULL,NULL,NULL,NULL,NULL,NULL,NULL,NULL,NULL,NULL,NULL,NULL,NULL,NULL,NULL,NULL,NULL,NULL,NULL,NULL,NULL,NULL,NULL,NULL,NULL,NULL,NULL,NULL,NULL,NULL,NULL,NULL,NULL,NULL
378,m,18,0,1,0,1,0,0,1,0,1,1,0,1,1,1,0,1,0,1,1,0,0,1,1,1,1,1,0,1,1,1,0,1,0,1,0,0,1,1,1,1,0,1,0,0,0,0,0,0,1,0,0,0,1,1,0,0,0,1,1,1,0,1,4,2,0,2,2,2,2,3,1,2,1,3,2,4,0,3,2,4,3,2,1,1,0,0,3,2,1,4,1,3,3,4,1,4,1,4,1,4
380,m,9,0,1,1,0,1,0,1,1,1,0,1,1,1,NULL,1,NULL,1,1,NULL,0,1,NULL,NULL,1,1,1,NULL,NULL,NULL,NULL,1,1,0,1,1,0,1,1,1,0,1,0,1,NULL,1,NULL,1,1,NULL,0,1,NULL,NULL,1,0,1,NULL,NULL,NULL,NULL,1,2,1,1,4,0,2,1,2,1,2,0,4,3,2,NULL,2,NULL,NULL,2,3,2,NULL,3,3,NULL,NULL,NULL,2,2,3,2,NULL,NULL,NULL,NULL,NULL,NULL,NULL,NULL
381,m,7,1,1,1,1,0,1,1,NULL,1,NULL,0,0,1,NULL,NULL,NULL,1,1,NULL,0,NULL,NULL,NULL,0,1,1,NULL,NULL,NULL,NULL,1,1,1,1,0,1,1,NULL,1,NULL,0,0,1,NULL,NULL,NULL,1,1,NULL,0,NULL,NULL,NULL,0,0,1,NULL,NULL,NULL,NULL,1,1,4,4,0,3,4,NULL,4,NULL,0,3,1,1,4,NULL,NULL,NULL,NULL,4,2,3,NULL,3,NULL,NULL,NULL,NULL,0,1,3,2,NULL,NULL,NULL,NULL,NULL,NULL,NULL,NULL
382,m,12,0,1,0,1,1,0,1,1,1,0,0,1,0,1,0,NULL,1,1,NULL,1,1,1,NULL,1,0,0,NULL,NULL,0,NULL,0,1,0,1,1,0,1,1,1,0,0,1,0,1,0,NULL,0,0,NULL,1,1,1,NULL,1,0,0,NULL,NULL,0,NULL,0,2,3,1,4,3,4,1,1,3,2,3,4,3,2,4,0,NULL,NULL,0,1,3,NULL,3,3,4,NULL,NULL,4,4,1,3,NULL,NULL,NULL,NULL,0,0,NULL,NULL
383,m,12,1,1,0,1,0,1,1,0,1,0,0,1,0,NULL,NULL,0,1,0,NULL,0,NULL,1,NULL,0,0,NULL,0,1,1,0,NULL,NULL,NULL,NULL,NULL,NULL,NULL,NULL,NULL,NULL,NULL,NULL,NULL,NULL,NULL,NULL,NULL,NULL,NULL,NULL,NULL,NULL,NULL,NULL,NULL,NULL,NULL,NULL,NULL,NULL,NULL,NULL,NULL,NULL,NULL,NULL,NULL,NULL,NULL,NULL,NULL,NULL,NULL,NULL,NULL,NULL,NULL,NULL,NULL,NULL,NULL,NULL,NULL,NULL,NULL,NULL,NULL,NULL,NULL,NULL,NULL,NULL,NULL,NULL,NULL,NULL,NULL,NULL,NULL,NULL
384,m,18,0,0,1,1,1,1,1,1,1,0,1,1,1,1,0,0,0,1,1,1,1,1,0,1,1,0,1,1,0,1,0,0,1,1,0,1,1,1,1,0,0,1,0,1,0,0,0,0,1,1,0,0,0,1,0,0,1,1,0,1,0,2,2,2,2,2,2,2,2,3,2,2,4,3,1,1,0,3,1,1,3,1,1,1,0,0,0,0,1,1,3,1,3,1,2,1,3,1,3,1
385,m,18,1,1,0,1,NULL,NULL,1,NULL,1,NULL,1,1,1,0,0,0,0,1,0,1,0,0,0,1,0,0,1,0,1,1,1,1,0,1,NULL,NULL,1,NULL,1,NULL,1,1,0,0,0,0,0,0,0,1,0,0,0,0,0,0,0,0,0,1,2,1,0,4,NULL,NULL,2,NULL,4,NULL,4,2,2,3,2,4,0,4,2,0,1,3,4,3,0,0,0,0,1,1,2,3,0,0,2,3,2,3,2,3
386,m,12,1,1,NULL,1,NULL,NULL,NULL,NULL,NULL,NULL,1,1,1,NULL,NULL,1,1,1,0,0,1,1,0,1,1,NULL,0,NULL,NULL,NULL,0,1,NULL,1,NULL,NULL,NULL,NULL,NULL,NULL,1,1,1,NULL,NULL,1,1,1,0,0,0,1,0,0,1,NULL,0,NULL,NULL,NULL,1,1,NULL,1,NULL,NULL,NULL,NULL,NULL,NULL,1,3,4,3,2,NULL,NULL,3,1,2,3,2,2,2,0,3,3,2,0,2,NULL,NULL,3,1,NULL,NULL,NULL,NULL,NULL,NULL
387,f,7,0,1,NULL,0,NULL,NULL,NULL,NULL,0,NULL,0,NULL,NULL,NULL,NULL,NULL,1,NULL,NULL,0,0,0,NULL,0,0,1,NULL,NULL,NULL,NULL,0,1,NULL,0,NULL,NULL,NULL,NULL,0,NULL,0,NULL,NULL,NULL,NULL,NULL,0,NULL,NULL,0,0,0,NULL,0,0,1,NULL,NULL,NULL,NULL,1,1,NULL,1,NULL,NULL,NULL,NULL,1,NULL,1,NULL,NULL,NULL,NULL,NULL,NULL,NULL,NULL,2,NULL,NULL,NULL,0,0,0,NULL,NULL,1,0,2,3,NULL,NULL,NULL,NULL,NULL,NULL,NULL,NULL
388,m,15,0,1,0,1,0,1,1,0,1,1,1,1,1,0,1,0,1,1,NULL,1,1,NULL,1,1,0,NULL,1,0,1,0,0,0,0,1,0,0,1,0,1,0,1,1,0,0,1,0,0,0,NULL,1,1,NULL,1,0,0,NULL,1,0,0,0,2,2,2,2,0,0,2,4,3,0,2,2,1,3,4,2,2,1,3,0,3,2,NULL,3,3,NULL,1,4,0,2,NULL,NULL,3,2,1,3,1,4,2,3
389,f,18,0,1,0,1,0,1,1,0,1,1,0,0,1,1,0,1,1,1,1,1,1,1,1,1,1,0,1,1,1,0,0,1,0,1,1,1,1,1,1,0,0,0,1,1,0,0,1,1,1,0,1,1,1,1,1,0,1,1,0,0,1,1,1,1,1,3,1,1,2,1,1,1,4,3,1,1,1,3,2,1,3,2,1,0,1,1,3,2,1,1,3,2,3,1,3,2,1,1,0,0
391,m,18,0,1,1,1,1,1,1,1,1,0,1,0,0,0,1,0,1,0,0,1,0,0,0,1,1,1,0,0,0,0,0,1,1,1,0,0,1,1,1,0,0,0,0,0,0,0,1,0,0,0,0,0,0,0,1,1,0,0,0,0,0,1,1,1,1,3,1,1,1,1,1,1,4,3,2,0,1,3,2,2,3,1,0,0,2,1,3,2,0,2,3,2,3,2,0,0,3,2,0,0
392,m,18,1,1,0,1,0,1,1,1,1,1,1,0,1,1,1,0,1,1,1,0,1,1,1,1,1,0,0,0,0,0,1,1,0,1,1,1,0,1,1,1,0,0,1,1,1,0,1,1,1,0,1,1,0,1,1,1,0,0,0,0,1,1,1,1,1,3,0,0,0,3,2,0,4,3,1,1,0,3,1,2,3,2,2,2,4,3,2,3,1,2,2,3,3,1,3,2,1,2,4,3
394,m,18,0,1,1,1,1,0,1,1,1,0,1,1,1,0,1,1,0,1,0,1,1,1,1,1,1,1,1,1,1,1,0,1,0,1,1,0,1,1,1,0,1,0,0,0,1,1,0,0,0,0,1,0,1,0,0,1,1,1,1,1,0,4,2,4,4,4,4,2,4,4,2,0,4,3,4,4,4,2,3,4,1,3,4,0,4,0,2,3,0,4,1,3,3,1,3,1,4,3,1,4
395,m,9,1,1,1,1,1,1,1,0,1,0,0,1,0,NULL,NULL,NULL,0,1,NULL,1,NULL,1,NULL,1,0,0,NULL,1,NULL,NULL,1,1,1,1,1,1,1,0,1,0,0,1,0,NULL,NULL,NULL,1,0,NULL,1,NULL,1,NULL,1,0,0,NULL,0,NULL,NULL,1,1,4,1,4,3,2,4,2,2,1,3,1,3,2,NULL,NULL,NULL,NULL,2,3,2,NULL,3,NULL,3,NULL,NULL,1,2,1,2,NULL,NULL,2,3,NULL,NULL,NULL,NULL
396,m,18,0,1,0,1,1,1,0,0,1,0,1,1,0,0,0,1,1,1,0,0,0,1,0,1,1,1,1,0,1,1,0,1,0,1,0,1,0,0,1,1,1,0,0,0,0,0,1,1,0,0,0,1,0,0,1,1,1,0,1,1,1,1,0,2,1,3,0,1,2,3,2,0,1,3,2,1,1,1,1,1,1,2,0,3,2,3,3,2,0,4,3,2,1,4,0,0,2,3,2,3
397,m,18,0,0,1,1,1,1,1,0,1,0,0,1,1,1,0,1,1,1,0,1,0,1,0,1,1,1,1,0,0,0,NULL,NULL,NULL,NULL,NULL,NULL,NULL,NULL,NULL,NULL,NULL,NULL,NULL,NULL,NULL,NULL,NULL,NULL,NULL,NULL,NULL,NULL,NULL,NULL,NULL,NULL,NULL,NULL,NULL,NULL,NULL,NULL,NULL,NULL,NULL,NULL,NULL,NULL,NULL,NULL,NULL,NULL,NULL,NULL,NULL,NULL,NULL,NULL,NULL,NULL,NULL,NULL,NULL,NULL,NULL,NULL,NULL,NULL,NULL,NULL,NULL,NULL,NULL,NULL,NULL,NULL,NULL,NULL,NULL,NULL
398,m,17,1,1,1,NULL,NULL,1,0,0,NULL,NULL,1,0,1,0,0,0,1,1,1,0,1,1,0,0,1,0,1,1,NULL,0,1,1,0,NULL,NULL,1,0,0,NULL,NULL,1,0,1,0,0,0,1,1,1,0,0,1,0,0,0,0,1,1,NULL,0,3,4,4,NULL,NULL,3,1,4,NULL,NULL,2,1,4,3,4,4,4,2,3,2,1,3,3,2,4,2,2,3,2,4,2,3,2,3,2,3,NULL,NULL,2,3
399,f,13,0,1,1,1,1,0,1,1,1,1,0,1,1,NULL,0,NULL,1,1,NULL,0,1,NULL,0,1,1,1,0,NULL,0,1,1,1,1,1,1,0,1,1,1,1,0,1,1,NULL,0,NULL,0,1,NULL,0,1,NULL,0,1,1,0,0,NULL,0,0,1,4,3,1,3,3,1,1,1,3,1,3,4,3,1,NULL,0,NULL,NULL,1,2,1,NULL,0,1,NULL,0,0,1,4,2,3,3,2,NULL,NULL,1,1,2,3
400,m,18,0,0,0,1,1,0,1,0,1,0,1,1,1,0,0,1,1,0,0,0,0,0,1,1,1,0,1,1,0,1,0,0,0,1,1,0,1,0,1,0,1,1,0,0,0,1,0,0,0,0,0,0,1,1,0,0,1,1,0,0,0,4,4,4,4,0,1,3,1,3,4,3,1,1,4,3,4,1,1,3,1,4,0,3,3,4,2,3,4,0,1,2,1,3,1,1,1,3,1,3
401,m,18,1,1,1,1,0,1,1,1,1,0,1,1,1,1,1,1,1,1,1,0,1,0,0,1,1,0,1,0,1,1,1,1,0,1,0,1,1,1,1,0,1,1,1,1,1,0,1,1,1,0,1,0,0,1,1,0,1,0,1,1,1,3,1,1,2,3,2,1,1,1,4,1,4,3,2,1,2,3,1,2,3,1,2,2,3,2,3,2,2,2,3,2,3,1,3,1,3,1,3,1
402,m,11,NULL,1,0,NULL,NULL,NULL,NULL,NULL,NULL,NULL,1,NULL,0,NULL,1,1,1,1,0,0,0,0,0,0,NULL,NULL,NULL,NULL,NULL,NULL,NULL,1,1,NULL,NULL,NULL,NULL,NULL,NULL,NULL,0,NULL,0,NULL,1,1,1,1,0,0,0,0,0,0,NULL,NULL,NULL,NULL,NULL,NULL,NULL,1,1,NULL,NULL,NULL,NULL,NULL,NULL,NULL,4,NULL,2,2,3,NULL,1,4,3,1,1,1,0,0,3,3,1,3,1,NULL,NULL,NULL,NULL,NULL,NULL,NULL,NULL,NULL,NULL,NULL
403,f,18,1,0,1,1,NULL,1,1,1,1,NULL,0,1,1,1,0,0,1,1,1,0,1,1,0,1,1,0,1,1,0,1,1,0,1,1,NULL,0,1,0,1,NULL,0,1,1,1,0,0,0,1,1,0,1,0,0,1,1,0,1,0,0,1,1,0,4,1,NULL,4,4,4,4,NULL,1,3,1,1,3,4,4,1,4,4,1,4,4,4,3,0,3,2,4,4,1,2,1,3,1,1,1,1,1,3
404,f,12,NULL,1,0,NULL,0,0,0,0,NULL,1,0,NULL,1,NULL,1,NULL,1,1,0,0,0,1,0,1,1,0,NULL,NULL,NULL,NULL,NULL,1,0,NULL,0,0,0,0,NULL,1,0,NULL,1,NULL,1,NULL,1,1,0,0,1,0,0,1,1,0,NULL,NULL,NULL,NULL,NULL,2,2,NULL,2,2,3,3,NULL,3,2,NULL,4,3,2,NULL,2,NULL,NULL,2,3,2,0,0,3,0,3,2,2,2,3,2,NULL,NULL,NULL,NULL,NULL,NULL,NULL,NULL
405,m,13,1,1,1,1,1,1,1,1,1,1,1,1,1,1,0,NULL,1,0,NULL,1,1,0,NULL,1,1,0,0,NULL,1,NULL,1,1,1,1,1,1,0,1,0,1,0,1,0,0,0,NULL,0,0,NULL,1,1,0,NULL,0,1,0,0,NULL,1,NULL,1,1,2,2,2,3,2,2,2,1,1,1,1,3,2,2,1,NULL,NULL,1,3,1,NULL,3,2,2,NULL,NULL,0,2,3,1,1,2,NULL,NULL,3,2,NULL,NULL
406,m,18,0,1,0,1,1,1,1,1,1,0,1,1,1,1,1,0,1,0,1,1,1,1,0,1,1,1,0,1,1,1,0,1,0,0,1,1,0,1,1,0,1,0,1,1,0,0,1,0,1,1,0,1,0,1,1,1,0,1,1,1,1,2,2,0,2,3,0,1,1,1,2,0,1,3,2,1,1,3,1,0,3,1,2,0,0,3,2,3,2,2,3,2,3,1,3,2,3,2,3,2
407,f,13,0,1,1,1,1,1,1,1,1,0,1,1,1,1,1,NULL,1,1,1,1,0,0,NULL,1,1,1,NULL,1,NULL,NULL,0,1,1,1,0,1,1,1,1,0,1,1,1,1,0,NULL,1,1,1,1,0,0,NULL,0,1,1,NULL,0,NULL,NULL,0,1,3,1,0,2,1,2,1,3,1,3,2,3,1,1,1,NULL,NULL,1,4,1,1,1,1,3,NULL,NULL,0,1,3,2,NULL,NULL,0,0,NULL,NULL,NULL,NULL
408,m,8,0,1,NULL,1,0,0,NULL,1,NULL,NULL,0,1,0,NULL,NULL,NULL,NULL,1,0,1,0,1,NULL,NULL,1,NULL,1,NULL,NULL,NULL,0,1,NULL,1,0,0,NULL,1,NULL,NULL,0,1,0,NULL,NULL,NULL,NULL,0,0,1,0,1,NULL,NULL,1,NULL,1,NULL,NULL,NULL,2,2,NULL,2,2,3,NULL,2,NULL,NULL,2,2,3,3,2,NULL,NULL,NULL,NULL,NULL,3,2,2,3,2,3,NULL,NULL,NULL,2,NULL,NULL,3,2,NULL,NULL,NULL,NULL,NULL,NULL
409,f,18,0,1,0,1,0,0,1,1,1,0,1,1,1,1,1,1,1,1,1,1,1,1,1,0,1,1,1,1,1,0,NULL,NULL,NULL,NULL,NULL,NULL,NULL,NULL,NULL,NULL,NULL,NULL,NULL,NULL,NULL,NULL,NULL,NULL,NULL,NULL,NULL,NULL,NULL,NULL,NULL,NULL,NULL,NULL,NULL,NULL,NULL,NULL,NULL,NULL,NULL,NULL,NULL,NULL,NULL,NULL,NULL,NULL,NULL,NULL,NULL,NULL,NULL,NULL,NULL,NULL,NULL,NULL,NULL,NULL,NULL,NULL,NULL,NULL,NULL,NULL,NULL,NULL,NULL,NULL,NULL,NULL,NULL,NULL,NULL,NULL
410,m,16,1,1,0,1,1,1,NULL,1,1,1,1,1,1,1,1,NULL,1,0,0,0,1,1,1,1,0,1,1,1,NULL,0,0,1,0,1,1,1,NULL,0,1,1,1,0,1,1,1,NULL,0,0,0,0,1,1,1,1,0,1,1,1,NULL,0,2,2,2,2,2,3,NULL,2,2,3,2,0,4,3,2,2,2,NULL,NULL,2,3,2,2,0,3,3,3,2,2,2,3,2,3,2,3,2,NULL,NULL,3,2
411,m,18,1,1,1,0,1,1,1,0,1,0,1,1,0,1,1,0,1,1,1,1,1,0,0,1,1,1,1,1,1,1,1,1,0,0,0,1,1,0,1,0,1,1,0,0,0,0,1,1,0,1,1,0,0,1,0,1,0,0,0,1,1,0,2,1,4,3,1,4,2,4,4,2,4,3,1,0,0,4,1,4,3,1,2,3,3,0,3,2,2,2,3,1,3,1,3,1,4,2,3,1
412,m,11,1,1,1,1,NULL,NULL,NULL,NULL,NULL,NULL,0,1,0,NULL,NULL,NULL,0,0,1,0,0,0,NULL,1,1,NULL,1,NULL,0,NULL,1,1,1,1,NULL,NULL,NULL,NULL,NULL,NULL,0,1,0,NULL,NULL,NULL,1,0,1,0,0,0,NULL,1,1,NULL,1,NULL,0,NULL,3,2,4,1,NULL,NULL,NULL,NULL,NULL,NULL,1,3,4,3,1,NULL,NULL,NULL,NULL,2,3,4,1,1,2,4,NULL,NULL,1,4,NULL,NULL,2,2,NULL,NULL,2,3,NULL,NULL
413,m,18,1,1,0,1,0,1,1,1,1,0,1,1,1,1,1,1,1,1,0,1,1,0,0,1,1,0,1,0,1,0,1,1,0,1,1,0,1,1,0,0,1,1,0,1,1,0,0,0,0,1,1,0,0,0,1,0,0,0,1,0,2,1,1,1,2,3,4,1,1,0,2,2,4,3,2,1,2,1,3,2,3,2,0,3,2,3,3,2,0,2,3,2,3,2,0,0,3,2,0,0
414,m,18,1,1,1,1,1,1,1,1,0,1,1,1,0,1,0,1,1,1,1,0,1,1,1,1,1,1,1,1,1,1,1,1,1,1,1,1,1,1,0,1,0,1,0,1,0,1,0,1,1,0,1,0,0,1,0,1,0,1,0,1,1,1,4,1,1,3,2,1,2,3,2,1,4,3,2,1,0,1,1,2,3,2,2,1,2,3,3,2,2,2,3,2,3,1,2,2,1,1,3,2
416,m,18,0,0,0,1,NULL,0,1,0,1,0,1,1,0,0,0,0,0,0,1,0,0,0,1,0,1,1,0,0,0,0,0,0,0,1,NULL,0,1,0,1,0,0,1,0,0,0,0,0,0,1,0,0,0,0,0,1,1,0,0,0,0,0,2,4,4,NULL,1,1,1,1,2,2,3,2,3,2,0,0,3,1,4,0,0,2,2,4,0,2,3,1,2,3,2,3,1,1,4,3,2,1,3
417,m,9,1,1,0,1,1,0,1,0,0,NULL,1,0,1,NULL,NULL,NULL,0,1,NULL,0,NULL,NULL,NULL,1,1,NULL,NULL,1,1,1,1,1,0,1,1,0,0,0,0,NULL,0,0,0,NULL,NULL,NULL,0,1,NULL,0,NULL,NULL,NULL,1,0,NULL,NULL,1,1,1,3,3,4,1,4,0,0,1,4,NULL,4,0,1,1,3,NULL,NULL,NULL,NULL,4,1,3,NULL,0,NULL,NULL,NULL,NULL,1,4,NULL,NULL,NULL,NULL,2,3,2,4,1,3
418,m,9,0,1,1,1,1,1,1,0,1,0,1,1,NULL,NULL,NULL,NULL,NULL,NULL,NULL,NULL,NULL,NULL,NULL,NULL,NULL,NULL,NULL,NULL,NULL,NULL,0,1,1,1,1,1,1,0,1,1,1,1,NULL,NULL,NULL,NULL,NULL,NULL,NULL,NULL,NULL,NULL,NULL,NULL,NULL,NULL,NULL,NULL,NULL,NULL,3,1,2,1,4,3,4,3,1,3,4,1,NULL,NULL,NULL,NULL,NULL,NULL,NULL,NULL,NULL,NULL,NULL,NULL,NULL,NULL,NULL,NULL,NULL,NULL,NULL,NULL,NULL,NULL,NULL,NULL,NULL,NULL,NULL,NULL
419,m,18,NULL,NULL,1,NULL,NULL,NULL,NULL,NULL,NULL,NULL,NULL,NULL,0,0,0,0,1,1,1,0,1,1,1,1,1,1,1,1,0,0,NULL,NULL,1,NULL,NULL,NULL,NULL,NULL,NULL,NULL,NULL,NULL,0,0,0,0,1,1,1,0,1,1,1,0,0,1,1,1,0,0,NULL,NULL,1,NULL,NULL,NULL,NULL,NULL,NULL,NULL,NULL,NULL,1,3,2,1,2,3,2,1,3,2,2,0,2,3,2,3,0,0,3,2,1,1,2,2,3,1,1,4
420,m,18,1,1,1,0,1,1,1,1,1,1,0,1,0,1,1,1,1,1,1,1,1,1,1,1,1,1,1,1,1,1,1,1,1,0,1,1,1,1,0,1,0,1,0,1,0,1,0,1,1,1,1,1,0,0,0,1,1,0,0,1,1,1,4,1,4,3,4,1,4,3,4,1,3,3,1,4,1,1,3,2,1,4,4,1,3,3,4,1,1,2,1,3,1,4,2,3,3,3,1,4
421,m,18,0,1,0,1,0,0,0,0,1,0,1,1,1,1,0,0,1,0,0,0,1,0,0,1,0,0,0,1,1,0,0,1,0,1,0,0,0,0,1,0,0,0,1,0,0,0,1,0,0,0,1,0,0,0,0,0,0,1,0,0,1,1,0,1,2,3,1,1,2,1,2,0,3,2,1,2,1,1,1,1,2,1,0,1,3,1,1,1,2,1,1,1,1,2,1,1,1,1,2,2
422,m,2,0,0,NULL,1,0,NULL,NULL,NULL,NULL,NULL,1,NULL,NULL,NULL,NULL,NULL,NULL,NULL,NULL,NULL,NULL,NULL,NULL,1,0,NULL,NULL,NULL,NULL,NULL,0,0,NULL,1,0,NULL,NULL,NULL,NULL,NULL,0,NULL,NULL,NULL,NULL,NULL,NULL,NULL,NULL,NULL,NULL,NULL,NULL,0,0,NULL,NULL,NULL,NULL,NULL,3,0,NULL,1,2,NULL,NULL,NULL,NULL,NULL,2,NULL,NULL,NULL,NULL,NULL,NULL,NULL,NULL,NULL,NULL,NULL,NULL,NULL,NULL,NULL,NULL,NULL,0,4,NULL,NULL,NULL,NULL,NULL,NULL,NULL,NULL,NULL,NULL
423,m,11,1,1,0,1,1,0,1,0,0,0,NULL,NULL,1,1,NULL,NULL,0,1,NULL,NULL,NULL,1,1,1,1,1,0,0,NULL,NULL,1,1,0,1,0,0,0,0,0,0,NULL,NULL,0,0,NULL,NULL,0,0,NULL,NULL,NULL,0,0,0,0,1,0,0,NULL,NULL,2,2,2,1,2,0,0,1,1,2,NULL,NULL,3,1,1,2,NULL,NULL,NULL,1,0,0,NULL,NULL,NULL,2,1,2,0,2,3,2,3,4,2,0,NULL,NULL,NULL,NULL
424,m,16,0,1,1,1,1,1,1,0,1,0,1,1,1,NULL,1,1,1,1,0,0,1,1,NULL,1,1,0,0,1,1,1,0,1,0,1,1,1,1,1,1,0,0,1,0,NULL,0,0,1,0,0,0,1,1,NULL,1,0,0,0,1,1,1,0,1,1,1,4,3,4,1,1,3,4,1,4,3,2,NULL,1,1,1,2,3,2,3,1,3,3,NULL,NULL,1,2,3,2,3,1,1,1,1,1,1,4
425,m,18,1,1,1,1,1,0,0,0,1,1,1,1,1,1,1,1,1,1,1,1,1,1,0,1,1,0,1,1,1,1,NULL,NULL,NULL,NULL,NULL,NULL,NULL,NULL,NULL,NULL,NULL,NULL,NULL,NULL,NULL,NULL,NULL,NULL,NULL,NULL,NULL,NULL,NULL,NULL,NULL,NULL,NULL,NULL,NULL,NULL,NULL,NULL,NULL,NULL,NULL,NULL,NULL,NULL,NULL,NULL,NULL,NULL,NULL,NULL,NULL,NULL,NULL,NULL,NULL,NULL,NULL,NULL,NULL,NULL,NULL,NULL,NULL,NULL,NULL,NULL,NULL,NULL,NULL,NULL,NULL,NULL,NULL,NULL,NULL,NULL
426,m,18,1,1,1,1,1,1,1,1,1,1,1,1,1,1,1,1,1,1,1,1,1,1,1,1,1,1,1,1,1,1,NULL,NULL,NULL,NULL,NULL,NULL,NULL,NULL,NULL,NULL,NULL,NULL,NULL,NULL,NULL,NULL,NULL,NULL,NULL,NULL,NULL,NULL,NULL,NULL,NULL,NULL,NULL,NULL,NULL,NULL,NULL,NULL,NULL,NULL,NULL,NULL,NULL,NULL,NULL,NULL,NULL,NULL,NULL,NULL,NULL,NULL,NULL,NULL,NULL,NULL,NULL,NULL,NULL,NULL,NULL,NULL,NULL,NULL,NULL,NULL,NULL,NULL,NULL,NULL,NULL,NULL,NULL,NULL,NULL,NULL
427,m,13,0,1,1,1,1,0,0,0,1,1,1,1,1,0,NULL,0,0,0,0,0,0,1,0,1,NULL,0,0,NULL,NULL,NULL,0,1,1,1,1,0,0,0,1,0,1,0,0,0,NULL,0,1,0,0,0,0,1,0,1,NULL,0,0,NULL,NULL,NULL,0,2,2,2,2,2,2,3,2,0,2,0,0,0,0,2,NULL,1,1,4,2,3,0,2,4,4,2,3,2,NULL,2,3,3,4,NULL,NULL,NULL,NULL,NULL,NULL
428,m,18,0,0,0,0,0,0,0,0,0,0,0,0,0,0,1,0,1,1,0,0,0,1,0,1,1,0,0,0,0,0,NULL,NULL,NULL,NULL,NULL,NULL,NULL,NULL,NULL,NULL,NULL,NULL,NULL,NULL,NULL,NULL,NULL,NULL,NULL,NULL,NULL,NULL,NULL,NULL,NULL,NULL,NULL,NULL,NULL,NULL,NULL,NULL,NULL,NULL,NULL,NULL,NULL,NULL,NULL,NULL,NULL,NULL,NULL,NULL,NULL,NULL,NULL,NULL,NULL,NULL,NULL,NULL,NULL,NULL,NULL,NULL,NULL,NULL,NULL,NULL,NULL,NULL,NULL,NULL,NULL,NULL,NULL,NULL,NULL,NULL
429,m,NULL,1,1,0,1,1,0,1,0,1,1,1,1,NULL,NULL,NULL,NULL,NULL,NULL,NULL,NULL,NULL,NULL,NULL,NULL,NULL,NULL,NULL,NULL,NULL,NULL,0,1,0,1,1,0,1,0,1,1,0,1,NULL,NULL,NULL,NULL,NULL,NULL,NULL,NULL,NULL,NULL,NULL,NULL,NULL,NULL,NULL,NULL,NULL,NULL,0,4,4,4,4,4,4,4,4,4,4,4,NULL,NULL,NULL,NULL,NULL,NULL,NULL,NULL,NULL,NULL,NULL,NULL,NULL,NULL,NULL,NULL,NULL,NULL,NULL,NULL,NULL,NULL,NULL,NULL,NULL,NULL,NULL,NULL
430,m,14,1,1,1,1,1,1,1,1,1,1,1,1,1,1,1,NULL,1,1,1,1,1,1,0,1,1,0,0,NULL,NULL,NULL,1,1,1,1,1,1,1,1,1,1,1,1,0,0,1,NULL,0,1,1,1,1,1,0,1,1,0,0,NULL,NULL,NULL,2,1,4,1,4,3,1,1,2,3,3,1,4,3,1,4,1,NULL,NULL,4,3,1,1,3,3,3,3,1,1,4,3,1,3,1,NULL,NULL,NULL,NULL,NULL,NULL
431,m,18,0,1,0,1,1,1,1,0,1,1,1,1,1,0,1,1,1,1,1,0,1,0,0,1,0,1,0,0,1,0,0,1,0,1,1,1,1,0,1,1,1,1,1,0,1,0,1,0,0,0,1,0,0,0,0,1,0,0,0,0,0,1,2,1,1,3,1,0,1,1,1,1,4,3,1,4,1,3,1,1,3,1,0,1,3,4,0,0,0,1,3,2,4,1,0,0,3,1,3,1
432,f,18,1,1,1,1,1,1,1,1,0,1,1,1,1,1,1,1,1,1,0,1,1,1,0,1,1,0,1,0,1,1,1,1,1,1,1,1,1,1,0,1,1,0,1,1,0,1,1,1,1,1,1,1,0,1,1,0,1,0,1,1,1,2,2,1,2,0,3,2,1,3,2,2,4,3,1,4,1,3,1,0,3,1,3,3,2,3,3,2,1,2,2,1,3,1,2,1,2,1,3,1
433,m,15,0,1,1,1,1,1,1,1,1,1,1,1,1,0,0,NULL,1,1,1,0,1,1,NULL,1,1,0,NULL,1,1,0,0,1,1,1,1,1,1,1,1,1,1,0,1,0,0,NULL,1,1,1,0,1,1,NULL,0,1,0,NULL,1,0,0,1,1,1,1,1,1,1,1,1,1,1,0,4,1,3,3,1,NULL,NULL,1,4,1,1,3,3,1,NULL,NULL,0,1,4,1,NULL,NULL,3,1,3,4,1,1
434,m,17,1,1,0,1,0,0,1,0,1,0,0,1,1,1,0,1,1,1,1,0,1,1,0,1,1,0,0,NULL,0,1,0,1,0,1,0,0,0,0,1,1,0,0,0,1,0,1,0,0,1,0,1,1,0,1,1,0,0,NULL,0,1,0,2,2,2,2,2,0,4,2,3,2,0,1,3,1,1,1,1,3,1,1,3,2,1,3,3,1,1,1,2,0,0,3,1,NULL,NULL,1,3,1,3
435,m,16,1,1,0,NULL,0,0,1,0,0,0,1,1,1,0,0,1,1,0,1,1,1,1,1,1,1,0,NULL,1,NULL,0,0,1,0,NULL,0,0,1,0,1,1,1,1,1,0,0,1,1,0,1,1,1,1,1,1,1,0,NULL,1,NULL,1,1,2,1,NULL,1,1,1,4,1,1,1,1,2,3,2,1,1,1,1,1,1,2,4,3,4,1,3,2,2,1,2,3,NULL,NULL,3,1,NULL,NULL,3,2
436,m,18,0,1,0,1,1,1,0,0,0,0,1,1,1,1,0,1,1,1,1,1,1,0,0,0,1,0,1,1,1,1,0,1,0,1,0,0,0,0,0,0,1,1,0,1,0,1,1,0,0,1,1,0,0,0,0,0,1,0,1,1,0,2,2,2,2,1,3,4,4,0,2,2,1,1,4,4,2,3,2,1,1,2,0,3,2,0,3,2,0,4,2,3,3,2,2,2,3,2,3,2
438,m,18,1,1,0,1,1,1,1,1,1,1,0,0,1,1,0,1,1,1,1,1,1,1,0,1,1,0,1,1,0,1,1,1,0,1,1,1,1,1,1,0,0,0,1,1,0,1,1,1,1,0,1,1,0,1,1,0,1,0,0,0,1,4,4,1,1,1,4,1,1,1,3,0,1,3,1,1,1,1,3,1,3,2,4,1,4,4,1,3,1,1,1,3,1,3,0,0,1,3,1,3
439,f,18,0,1,1,1,1,0,1,1,1,1,0,1,1,1,0,1,1,1,1,1,1,1,0,1,1,0,1,1,1,1,1,1,1,1,1,0,0,1,1,0,1,1,0,1,0,1,1,1,1,1,1,1,0,1,1,0,1,1,0,1,3,2,2,2,0,2,0,2,2,0,2,3,1,1,4,2,2,2,3,2,3,1,4,3,3,3,0,0,0,2,1,3,2,3,2,3,2,3,2,2
440,m,18,1,1,1,1,1,1,1,1,1,1,1,1,1,1,1,1,1,1,1,1,1,1,1,1,1,1,1,1,1,1,1,1,1,1,1,0,0,1,1,1,1,1,0,1,1,1,1,0,1,1,1,1,1,1,1,1,1,1,1,1,2,1,4,1,4,3,4,1,1,3,2,2,4,3,1,1,2,1,1,2,3,1,4,3,3,3,2,3,1,2,1,3,3,1,2,4,2,4,1,4
441,m,18,1,1,0,0,1,1,1,0,0,1,0,0,0,1,1,1,1,0,0,0,1,1,0,1,1,0,0,0,0,0,1,1,0,0,1,0,1,0,0,1,0,0,0,1,0,0,0,0,0,0,0,0,0,0,1,1,0,0,0,0,2,2,2,2,2,0,4,1,2,3,2,0,1,3,2,1,2,1,1,1,0,0,0,0,1,0,3,2,0,2,3,2,3,2,0,0,0,0,0,0
442,m,18,1,1,1,1,1,0,1,1,1,1,0,0,1,1,1,0,1,0,0,0,0,1,1,1,1,1,0,0,0,0,1,1,1,1,0,1,1,1,1,0,0,0,1,1,1,0,1,0,0,0,0,0,1,1,1,1,0,0,0,0,2,2,4,1,4,3,4,1,1,3,2,0,1,3,1,1,2,4,3,2,0,0,0,0,0,0,2,3,1,2,2,3,3,1,2,3,0,0,0,0
444,m,6,1,1,0,1,NULL,NULL,NULL,0,1,0,NULL,0,0,NULL,NULL,NULL,1,NULL,0,0,NULL,NULL,NULL,0,NULL,1,NULL,NULL,NULL,NULL,1,1,0,1,NULL,NULL,NULL,0,0,0,NULL,0,0,NULL,NULL,NULL,1,NULL,0,0,NULL,NULL,NULL,0,NULL,0,NULL,NULL,NULL,NULL,1,1,1,2,NULL,NULL,NULL,2,0,2,NULL,0,0,0,0,NULL,NULL,NULL,NULL,1,NULL,NULL,0,2,NULL,NULL,NULL,NULL,0,NULL,3,1,NULL,NULL,NULL,NULL,NULL,NULL,NULL,NULL
447,m,18,1,1,1,1,1,0,1,0,1,1,0,1,1,1,1,1,1,1,1,0,1,0,0,1,1,1,1,0,0,0,1,1,1,1,1,0,1,0,1,1,0,0,1,1,1,1,1,0,1,0,1,0,0,0,1,1,1,0,0,0,2,2,4,1,4,2,4,1,1,3,2,2,4,3,2,1,2,1,1,2,3,1,4,2,3,3,2,3,0,2,2,3,3,1,0,0,0,0,0,0
448,m,11,1,0,1,1,0,0,0,0,1,1,0,NULL,NULL,1,1,1,NULL,NULL,0,NULL,1,1,1,1,0,0,1,NULL,NULL,NULL,0,0,1,1,0,0,0,0,0,1,0,NULL,NULL,0,0,0,NULL,NULL,0,NULL,0,1,0,0,0,0,1,NULL,NULL,NULL,2,1,1,1,0,1,4,1,1,3,1,NULL,NULL,NULL,NULL,1,0,1,1,NULL,NULL,NULL,0,NULL,3,2,0,3,0,2,1,3,3,1,NULL,NULL,NULL,NULL,NULL,NULL
451,m,NULL,0,1,1,1,0,1,1,1,1,1,0,1,NULL,NULL,NULL,NULL,NULL,NULL,NULL,NULL,NULL,NULL,NULL,NULL,NULL,NULL,NULL,NULL,NULL,NULL,0,1,1,1,0,0,1,1,1,1,0,1,NULL,NULL,NULL,NULL,NULL,NULL,NULL,NULL,NULL,NULL,NULL,NULL,NULL,NULL,NULL,NULL,NULL,NULL,0,3,4,4,0,3,4,1,3,3,4,4,NULL,NULL,NULL,NULL,NULL,NULL,NULL,NULL,NULL,NULL,NULL,NULL,NULL,NULL,NULL,NULL,NULL,NULL,NULL,NULL,NULL,NULL,NULL,NULL,NULL,NULL,NULL,NULL
452,m,NULL,0,0,0,0,0,1,1,0,1,1,0,1,NULL,NULL,NULL,NULL,NULL,NULL,NULL,NULL,NULL,NULL,NULL,NULL,NULL,NULL,NULL,NULL,NULL,NULL,0,0,0,0,0,0,1,0,1,1,0,0,NULL,NULL,NULL,NULL,NULL,NULL,NULL,NULL,NULL,NULL,NULL,NULL,NULL,NULL,NULL,NULL,NULL,NULL,0,0,1,1,0,2,1,1,1,3,4,1,NULL,NULL,NULL,NULL,NULL,NULL,NULL,NULL,NULL,NULL,NULL,NULL,NULL,NULL,NULL,NULL,NULL,NULL,NULL,NULL,NULL,NULL,NULL,NULL,NULL,NULL,NULL,NULL
453,f,12,1,1,1,1,0,1,1,1,1,NULL,1,0,0,NULL,1,1,1,0,1,1,NULL,0,NULL,0,1,NULL,NULL,1,1,NULL,1,1,0,1,0,1,1,1,1,NULL,1,0,0,NULL,1,1,0,0,1,1,NULL,0,NULL,0,1,NULL,NULL,1,0,NULL,1,1,1,1,1,3,1,1,1,NULL,1,1,4,3,1,NULL,1,3,1,2,3,1,1,3,NULL,3,NULL,NULL,0,4,NULL,NULL,NULL,NULL,3,1,3,1,NULL,NULL
454,m,17,1,1,1,1,0,1,1,1,1,1,1,1,1,0,1,1,1,1,1,NULL,1,1,0,1,1,0,1,0,0,0,1,1,1,1,0,1,1,1,1,1,1,1,0,0,0,1,1,0,0,NULL,0,1,0,0,1,0,1,0,0,0,2,4,4,4,4,3,4,4,3,4,4,3,3,1,4,4,2,1,3,4,1,4,4,NULL,4,3,2,3,0,4,2,3,2,3,2,4,4,3,2,3
456,f,12,1,1,1,1,0,1,1,1,1,0,1,1,1,NULL,0,NULL,1,1,NULL,0,1,1,NULL,0,1,0,0,1,NULL,NULL,0,1,1,1,0,1,0,1,1,0,1,1,0,NULL,0,NULL,0,0,NULL,0,0,0,NULL,0,1,0,0,1,NULL,NULL,0,0,1,1,4,0,0,0,2,3,0,3,2,2,4,NULL,2,NULL,NULL,4,2,3,NULL,2,0,0,NULL,NULL,0,0,2,3,2,2,2,3,NULL,NULL,NULL,NULL
459,m,17,NULL,1,1,1,1,1,1,0,1,1,1,1,1,1,1,1,1,1,1,0,1,0,NULL,0,1,0,1,1,1,0,NULL,1,1,0,0,1,1,0,1,1,1,1,0,1,1,1,1,0,1,0,1,0,NULL,1,1,0,1,1,0,0,NULL,1,1,2,2,3,2,1,2,3,4,3,1,3,4,3,2,1,2,2,1,2,2,2,2,2,NULL,NULL,2,2,2,3,3,2,1,2,3,2,3,2
460,m,16,0,1,0,1,0,0,1,1,1,0,1,0,0,1,0,0,1,0,1,0,1,0,NULL,1,1,0,0,1,1,NULL,0,1,0,1,0,0,1,1,1,0,1,0,0,1,0,0,1,0,0,0,1,0,NULL,1,1,0,0,1,1,NULL,0,1,4,1,1,3,2,2,1,3,2,3,4,3,1,1,1,1,1,2,3,1,0,2,4,3,NULL,NULL,1,4,3,2,3,1,3,1,3,2,NULL,NULL
461,m,18,1,1,0,1,1,1,1,1,1,1,1,1,1,0,0,1,0,1,0,0,1,1,0,0,1,0,1,1,0,1,1,1,0,1,0,1,0,0,1,1,1,0,1,0,0,0,0,1,0,0,0,1,0,0,0,0,0,1,0,1,1,1,1,1,1,3,0,1,1,3,2,2,4,3,1,1,1,4,1,1,3,2,1,0,3,3,3,2,0,1,3,4,3,1,2,1,3,2,3,2
484,m,5,0,0,NULL,NULL,NULL,NULL,NULL,NULL,NULL,NULL,NULL,0,NULL,NULL,NULL,NULL,NULL,NULL,1,1,NULL,NULL,NULL,1,NULL,NULL,0,1,NULL,NULL,0,0,NULL,NULL,NULL,NULL,NULL,NULL,NULL,NULL,NULL,0,NULL,NULL,NULL,NULL,NULL,NULL,1,1,NULL,NULL,NULL,0,NULL,NULL,0,1,NULL,NULL,0,0,NULL,NULL,NULL,NULL,NULL,NULL,NULL,NULL,NULL,0,NULL,NULL,NULL,NULL,NULL,NULL,NULL,NULL,NULL,NULL,4,3,NULL,NULL,NULL,NULL,0,NULL,NULL,NULL,1,3,1,3,NULL,NULL,NULL,NULL
485,m,18,1,1,0,1,1,1,1,1,1,1,1,1,1,1,0,1,1,1,0,1,1,1,0,1,1,0,1,1,1,1,1,1,0,1,1,1,1,0,0,1,0,0,1,1,0,1,1,0,0,1,1,1,1,1,1,0,1,1,1,1,2,2,2,2,1,3,2,2,1,3,1,0,4,3,2,2,1,1,1,2,3,2,1,2,3,3,1,2,1,2,1,1,3,1,2,1,2,1,2,1
486,m,8,0,1,1,1,NULL,NULL,NULL,0,1,NULL,NULL,1,0,NULL,NULL,NULL,1,1,0,1,1,NULL,NULL,1,1,NULL,NULL,NULL,NULL,NULL,0,1,1,1,NULL,NULL,NULL,0,1,NULL,NULL,0,0,NULL,NULL,NULL,1,1,0,1,1,NULL,NULL,1,0,NULL,NULL,NULL,NULL,NULL,3,4,2,4,NULL,NULL,NULL,4,4,NULL,NULL,4,1,3,1,NULL,NULL,NULL,NULL,2,2,3,3,1,3,NULL,NULL,NULL,4,4,NULL,NULL,NULL,NULL,NULL,NULL,NULL,NULL,NULL,NULL
488,m,9,0,1,1,0,0,1,1,0,1,1,0,1,NULL,NULL,NULL,NULL,1,NULL,NULL,0,NULL,1,NULL,1,0,1,0,0,0,NULL,0,0,1,1,0,0,1,0,0,1,0,1,NULL,NULL,NULL,NULL,1,NULL,NULL,0,NULL,0,NULL,0,0,0,0,0,0,NULL,0,2,2,2,0,3,2,1,0,3,2,2,NULL,NULL,NULL,NULL,NULL,NULL,NULL,2,NULL,NULL,NULL,2,NULL,3,NULL,NULL,0,1,3,2,2,3,2,4,2,4,NULL,NULL
489,m,18,1,1,0,1,0,1,1,0,1,1,1,1,1,1,0,1,1,1,1,1,1,1,1,1,1,0,1,0,0,1,1,1,0,1,1,1,1,0,1,1,1,1,1,1,0,1,1,1,0,1,1,1,1,0,1,0,1,0,0,1,2,2,2,2,2,3,2,4,3,3,2,2,4,3,1,2,2,3,1,2,3,1,2,3,3,3,3,2,0,2,3,2,3,1,3,2,3,1,3,2
492,f,18,1,1,0,1,1,1,0,NULL,0,0,1,0,0,1,1,0,1,0,1,0,0,1,0,1,1,0,1,1,1,1,1,1,0,1,1,1,0,NULL,0,0,1,0,0,0,1,0,0,0,0,0,0,1,0,1,1,0,1,1,1,1,2,1,1,2,2,3,1,NULL,3,2,2,2,2,1,3,4,2,3,1,4,1,3,1,4,1,3,3,2,1,2,1,3,3,1,2,3,2,3,1,3
493,f,8,1,1,0,1,1,0,0,1,0,1,1,1,1,NULL,NULL,0,1,1,NULL,1,NULL,NULL,NULL,1,1,NULL,1,NULL,NULL,NULL,1,1,0,1,1,0,0,0,0,1,1,1,0,NULL,NULL,0,0,1,NULL,1,NULL,NULL,NULL,1,1,NULL,0,NULL,NULL,NULL,1,2,1,1,1,1,1,1,1,3,1,1,4,3,4,NULL,NULL,0,3,4,2,4,NULL,4,NULL,NULL,NULL,NULL,1,1,NULL,NULL,0,0,NULL,NULL,NULL,NULL,NULL,NULL
494,m,5,0,1,0,1,NULL,NULL,1,0,1,0,0,0,NULL,NULL,NULL,NULL,1,NULL,NULL,1,NULL,NULL,NULL,1,1,1,NULL,NULL,NULL,NULL,0,1,0,1,NULL,NULL,1,0,1,1,0,0,NULL,NULL,NULL,NULL,1,NULL,NULL,1,NULL,NULL,NULL,1,0,0,NULL,NULL,NULL,NULL,3,2,1,1,NULL,NULL,2,1,2,3,2,1,NULL,NULL,NULL,NULL,NULL,NULL,NULL,2,NULL,NULL,NULL,3,NULL,NULL,NULL,NULL,2,2,1,3,NULL,NULL,NULL,NULL,NULL,NULL,NULL,NULL
495,m,16,0,1,1,1,0,1,0,1,1,0,1,1,0,0,0,NULL,1,1,1,0,1,1,0,1,1,1,NULL,0,0,1,0,1,0,1,0,1,0,0,1,0,0,0,0,0,0,NULL,0,1,0,0,1,1,0,1,0,0,NULL,0,0,1,0,2,4,4,4,0,4,4,2,4,4,4,4,3,1,4,0,NULL,NULL,4,3,1,2,3,3,3,0,0,1,4,3,2,NULL,NULL,2,4,3,4,2,4
496,m,17,0,1,1,1,1,1,1,1,1,1,1,1,1,1,NULL,1,0,1,0,1,1,0,0,1,1,0,1,0,0,0,1,1,1,1,1,1,0,1,1,1,1,1,0,1,NULL,1,0,0,0,1,1,0,0,1,0,0,1,0,0,0,1,1,2,1,4,2,0,1,2,3,2,2,2,2,3,2,NULL,3,2,2,3,2,2,3,4,0,1,2,2,0,3,2,3,1,3,2,3,2,3,2
498,f,13,NULL,1,0,0,1,0,1,NULL,1,0,1,1,1,NULL,0,1,1,1,0,0,1,1,NULL,0,1,NULL,NULL,0,NULL,0,NULL,1,0,0,0,0,0,NULL,1,0,1,0,0,NULL,0,0,1,0,0,0,1,1,NULL,0,1,NULL,NULL,0,NULL,0,NULL,2,2,4,2,2,2,NULL,2,3,2,0,2,3,1,NULL,2,3,2,2,3,2,2,3,2,3,NULL,NULL,0,2,NULL,NULL,NULL,NULL,3,2,NULL,NULL,3,2
499,m,18,0,1,1,1,0,1,NULL,NULL,NULL,0,1,1,1,0,1,1,1,1,1,0,1,1,0,1,1,0,1,0,0,0,0,1,1,1,0,1,NULL,NULL,NULL,1,1,1,1,0,0,0,0,1,1,0,1,0,0,0,0,0,1,0,0,0,0,2,4,1,3,0,NULL,NULL,NULL,3,3,3,2,3,4,4,2,2,3,4,1,1,4,2,3,0,3,1,1,4,2,3,3,1,3,0,2,4,1,4
500,f,13,0,1,0,1,1,1,1,1,1,1,1,1,1,NULL,NULL,NULL,1,1,0,0,0,0,NULL,0,1,0,1,0,NULL,1,0,1,0,1,1,1,0,1,1,1,1,0,0,NULL,NULL,NULL,0,0,0,0,0,0,NULL,0,1,0,1,0,NULL,0,1,1,2,2,2,1,0,1,1,3,1,2,4,3,1,NULL,NULL,NULL,NULL,4,3,1,0,1,4,0,NULL,NULL,0,1,3,2,3,1,0,0,NULL,NULL,0,0
501,f,14,0,1,1,1,0,0,NULL,NULL,0,NULL,0,1,1,NULL,0,NULL,1,1,1,1,1,0,NULL,1,1,1,NULL,0,0,0,0,1,1,1,0,0,NULL,NULL,0,NULL,0,1,1,NULL,0,NULL,0,1,0,0,1,0,NULL,0,0,1,NULL,0,0,0,3,2,4,2,2,1,NULL,NULL,3,NULL,2,2,3,3,1,NULL,1,NULL,NULL,4,3,1,4,3,3,0,NULL,NULL,0,1,2,3,NULL,NULL,3,1,3,2,3,2
502,f,18,1,1,1,1,1,1,1,1,1,0,1,1,1,0,1,1,1,1,1,1,1,0,1,1,1,1,1,0,0,0,1,1,1,1,1,1,1,0,1,0,1,0,1,0,0,1,1,1,1,0,0,0,1,1,0,1,1,0,0,0,1,3,4,2,1,3,4,3,2,3,2,0,4,1,3,1,1,1,1,1,1,1,1,0,2,0,1,3,1,0,1,3,1,1,1,1,1,1,1,1
503,f,17,0,1,1,1,1,1,1,1,1,0,1,1,0,1,1,1,0,1,1,0,0,1,NULL,1,1,0,1,0,1,1,0,1,0,1,1,0,0,1,1,0,1,0,0,1,1,1,0,1,1,0,0,0,NULL,1,1,0,0,0,0,1,3,3,1,1,4,0,0,1,2,0,4,0,2,2,3,2,2,3,2,0,3,1,2,0,0,0,NULL,NULL,1,0,3,2,3,1,3,2,3,1,3,2
504,m,18,0,1,1,1,1,1,1,1,1,0,1,0,1,1,1,0,1,1,0,1,1,1,0,1,1,0,0,1,1,1,1,1,1,1,1,1,1,1,1,0,1,0,0,1,0,0,1,0,0,0,1,0,0,1,1,0,0,1,1,1,1,1,2,4,4,3,4,1,1,3,4,0,3,3,1,1,1,1,1,1,1,1,2,0,1,3,1,1,1,1,1,1,1,4,1,1,1,1,1,1
505,f,18,0,1,1,1,1,1,1,1,1,1,1,1,1,1,1,1,1,1,1,1,1,1,0,1,1,0,1,1,0,1,1,1,0,1,1,1,1,1,1,1,1,1,0,1,1,1,1,0,0,1,1,1,0,1,1,0,1,0,0,1,1,1,1,1,1,1,1,1,1,3,1,1,2,2,3,4,1,1,1,1,2,1,4,3,1,3,2,3,4,1,1,2,2,3,1,1,2,2,1,3
506,f,18,0,1,0,1,1,1,1,1,1,1,1,1,1,0,0,0,1,1,0,0,1,1,1,0,1,0,0,1,0,0,1,1,0,1,1,1,1,1,1,1,1,1,1,0,0,0,1,0,0,0,0,0,0,0,1,0,0,0,0,0,2,2,2,2,2,3,2,2,2,3,2,2,1,3,2,0,0,0,0,2,3,2,2,0,0,3,3,2,2,2,3,2,3,2,3,2,3,2,0,0
507,m,9,0,1,0,1,1,1,1,1,1,0,1,1,0,NULL,NULL,NULL,1,0,NULL,0,NULL,1,NULL,1,0,0,0,NULL,NULL,NULL,0,1,0,1,1,0,1,1,1,1,1,1,0,NULL,NULL,NULL,0,0,NULL,0,NULL,1,NULL,1,0,0,0,NULL,NULL,NULL,4,4,4,4,4,4,4,4,4,4,4,4,4,1,3,NULL,NULL,NULL,NULL,4,1,3,NULL,0,NULL,4,NULL,NULL,2,4,1,3,1,4,NULL,NULL,NULL,NULL,NULL,NULL
508,m,16,0,1,1,NULL,0,1,0,1,1,0,1,1,0,1,0,1,0,0,1,0,1,0,NULL,0,1,1,0,1,1,NULL,0,1,1,NULL,0,0,0,0,1,0,0,1,0,1,0,1,0,0,1,0,1,1,NULL,0,1,1,0,0,1,NULL,0,2,2,NULL,2,3,2,3,2,4,2,2,0,0,0,2,2,3,2,2,0,0,2,2,3,3,NULL,NULL,0,2,3,2,3,2,3,2,3,2,NULL,NULL
509,m,18,0,1,0,1,0,1,1,0,1,0,0,1,0,1,0,1,1,0,0,0,0,1,0,1,1,0,1,1,1,1,0,1,0,1,0,1,1,0,1,0,0,1,0,1,0,1,1,0,0,0,0,1,0,1,1,0,1,1,0,1,4,1,1,1,2,4,4,3,3,4,4,1,2,2,4,2,1,2,3,4,2,4,0,0,0,4,2,3,4,4,2,3,3,1,2,3,2,3,2,3
511,m,18,0,1,1,1,1,1,1,1,1,0,1,0,1,0,1,0,0,1,1,1,1,1,0,1,1,0,1,0,0,0,0,1,1,1,1,1,1,1,1,0,1,0,1,0,1,0,0,0,0,1,0,1,0,0,1,0,1,0,0,0,1,1,1,1,1,1,1,1,1,1,1,1,1,3,1,1,2,1,1,2,1,3,1,3,0,2,1,3,0,1,1,3,3,1,1,3,1,0,1,3
513,m,18,1,1,1,1,1,1,1,1,1,1,1,1,1,1,0,0,0,1,0,1,0,1,0,0,1,0,0,0,0,1,1,1,1,1,1,0,1,1,1,1,1,1,0,1,0,0,1,0,1,0,0,1,0,0,0,0,0,0,0,0,1,1,2,1,4,2,4,1,1,3,4,1,1,3,2,2,0,1,1,2,1,1,2,0,0,2,2,3,0,4,1,3,2,1,3,2,2,1,2,3
517,f,18,1,0,1,1,0,1,1,0,0,0,1,1,1,1,1,1,1,1,0,1,0,0,1,1,1,0,1,0,1,0,0,0,1,1,0,0,1,0,0,1,1,0,0,1,1,1,1,0,0,1,0,0,1,1,1,0,1,0,0,0,2,4,2,1,0,0,2,0,1,3,4,2,2,3,2,1,2,2,3,4,3,2,2,3,3,4,2,3,1,4,2,3,2,3,2,4,2,3,2,3
519,m,NULL,NULL,1,1,0,0,NULL,NULL,NULL,NULL,NULL,1,NULL,NULL,NULL,NULL,NULL,NULL,NULL,NULL,NULL,NULL,NULL,NULL,NULL,NULL,NULL,NULL,NULL,NULL,NULL,NULL,0,1,0,0,NULL,NULL,NULL,NULL,NULL,1,NULL,NULL,NULL,NULL,NULL,NULL,NULL,NULL,NULL,NULL,NULL,NULL,NULL,NULL,NULL,NULL,NULL,NULL,NULL,NULL,4,4,4,1,NULL,NULL,NULL,NULL,NULL,4,NULL,NULL,NULL,NULL,NULL,NULL,NULL,NULL,NULL,NULL,NULL,NULL,NULL,NULL,NULL,NULL,NULL,NULL,NULL,NULL,NULL,NULL,NULL,NULL,NULL,NULL,NULL,NULL,NULL
520,m,4,NULL,NULL,NULL,NULL,NULL,NULL,NULL,NULL,NULL,0,NULL,NULL,NULL,NULL,NULL,NULL,NULL,NULL,NULL,1,NULL,1,NULL,1,0,NULL,NULL,NULL,NULL,NULL,NULL,NULL,NULL,NULL,NULL,NULL,NULL,NULL,NULL,0,NULL,NULL,NULL,NULL,NULL,NULL,NULL,NULL,NULL,1,NULL,0,NULL,1,0,NULL,NULL,NULL,NULL,NULL,NULL,NULL,NULL,NULL,NULL,NULL,NULL,NULL,NULL,0,NULL,NULL,NULL,NULL,NULL,NULL,NULL,NULL,NULL,NULL,NULL,NULL,NULL,3,NULL,4,NULL,NULL,4,4,NULL,NULL,NULL,NULL,NULL,NULL,NULL,NULL,NULL,NULL
521,m,NULL,NULL,NULL,0,1,1,NULL,NULL,NULL,1,NULL,NULL,NULL,NULL,NULL,NULL,NULL,NULL,NULL,NULL,NULL,NULL,NULL,NULL,NULL,NULL,NULL,NULL,NULL,NULL,NULL,NULL,NULL,0,1,0,NULL,NULL,NULL,0,NULL,NULL,NULL,NULL,NULL,NULL,NULL,NULL,NULL,NULL,NULL,NULL,NULL,NULL,NULL,NULL,NULL,NULL,NULL,NULL,NULL,NULL,NULL,4,4,4,NULL,NULL,NULL,4,NULL,NULL,NULL,NULL,NULL,NULL,NULL,NULL,NULL,NULL,NULL,NULL,NULL,NULL,NULL,NULL,NULL,NULL,NULL,NULL,NULL,NULL,NULL,NULL,NULL,NULL,NULL,NULL,NULL,NULL,NULL
523,m,NULL,0,0,0,0,0,0,0,1,0,0,0,0,NULL,NULL,NULL,NULL,NULL,NULL,NULL,NULL,NULL,NULL,NULL,NULL,NULL,NULL,NULL,NULL,NULL,NULL,0,0,0,0,0,0,0,1,0,0,0,0,NULL,NULL,NULL,NULL,NULL,NULL,NULL,NULL,NULL,NULL,NULL,NULL,NULL,NULL,NULL,NULL,NULL,NULL,1,4,2,2,0,4,1,1,0,0,2,1,NULL,NULL,NULL,NULL,NULL,NULL,NULL,NULL,NULL,NULL,NULL,NULL,NULL,NULL,NULL,NULL,NULL,NULL,NULL,NULL,NULL,NULL,NULL,NULL,NULL,NULL,NULL,NULL
524,m,10,0,1,1,1,NULL,NULL,NULL,NULL,1,1,0,1,1,NULL,1,NULL,1,1,0,1,NULL,1,0,0,NULL,NULL,0,NULL,NULL,NULL,0,1,0,1,NULL,NULL,NULL,NULL,1,1,0,1,1,NULL,1,NULL,1,1,0,0,NULL,1,0,1,NULL,NULL,0,NULL,NULL,NULL,1,1,2,1,NULL,NULL,NULL,NULL,2,1,1,1,4,3,2,NULL,2,NULL,NULL,2,3,2,0,0,NULL,3,3,2,2,NULL,NULL,NULL,3,2,NULL,NULL,NULL,NULL,NULL,NULL
525,m,12,0,1,1,1,NULL,1,NULL,1,1,1,0,1,0,NULL,1,NULL,1,0,NULL,1,NULL,0,NULL,1,1,0,NULL,1,1,1,0,1,1,1,NULL,1,NULL,1,1,1,0,1,0,NULL,1,NULL,1,0,NULL,1,NULL,0,NULL,1,1,0,NULL,1,1,1,3,1,2,2,NULL,3,NULL,2,2,3,2,2,4,3,1,NULL,1,NULL,NULL,2,3,1,NULL,3,NULL,0,NULL,NULL,1,2,3,1,NULL,NULL,3,1,3,2,3,2
526,m,5,0,1,0,1,0,1,NULL,1,1,0,0,1,0,NULL,NULL,NULL,NULL,0,NULL,0,NULL,NULL,NULL,1,0,NULL,NULL,NULL,NULL,NULL,0,1,0,1,0,0,NULL,1,1,0,0,1,0,NULL,NULL,NULL,NULL,0,NULL,0,NULL,NULL,NULL,1,0,NULL,NULL,NULL,NULL,NULL,2,2,2,2,2,3,NULL,2,2,2,2,2,4,3,2,NULL,NULL,NULL,NULL,NULL,1,2,NULL,1,NULL,NULL,NULL,NULL,2,2,NULL,NULL,NULL,NULL,NULL,NULL,NULL,NULL,NULL,NULL
527,m,7,0,1,0,NULL,0,NULL,NULL,NULL,1,NULL,NULL,1,0,NULL,NULL,NULL,1,NULL,NULL,1,NULL,0,NULL,1,1,NULL,NULL,NULL,0,NULL,0,0,0,NULL,0,NULL,NULL,NULL,1,NULL,NULL,0,0,NULL,NULL,NULL,1,NULL,NULL,1,NULL,0,NULL,1,0,NULL,NULL,NULL,0,NULL,0,1,0,NULL,4,NULL,NULL,NULL,2,NULL,NULL,0,0,0,0,NULL,NULL,NULL,NULL,2,NULL,NULL,NULL,3,NULL,2,NULL,NULL,4,2,NULL,NULL,NULL,NULL,NULL,NULL,3,2,NULL,NULL
529,m,18,1,1,1,1,0,1,0,0,0,0,1,1,0,1,0,0,0,0,0,0,1,1,0,0,0,0,0,1,0,0,1,1,1,1,0,0,0,0,0,0,0,1,0,1,0,0,0,0,0,0,0,1,0,0,0,0,0,0,0,0,1,1,1,4,2,3,3,1,2,3,4,1,2,1,4,4,0,0,0,0,0,0,0,0,2,4,1,3,0,0,2,3,0,0,0,0,0,0,0,0
530,f,18,0,1,1,1,1,0,1,0,1,1,1,1,1,1,0,1,1,1,1,0,1,0,0,1,0,0,1,0,0,0,0,0,0,1,1,0,1,0,1,1,0,1,1,0,0,0,0,1,1,0,1,0,0,1,0,0,0,0,0,0,0,4,4,1,4,0,4,4,3,2,4,2,1,3,4,4,4,1,3,0,1,1,4,0,3,3,1,3,1,0,1,3,1,0,1,4,1,3,1,4
532,m,10,0,0,0,1,NULL,NULL,1,NULL,NULL,0,0,0,NULL,0,NULL,0,NULL,0,0,NULL,NULL,NULL,NULL,0,NULL,0,0,0,0,0,0,0,0,1,NULL,NULL,0,NULL,NULL,0,0,0,NULL,0,NULL,0,NULL,0,0,NULL,NULL,NULL,NULL,0,NULL,0,0,0,0,0,1,1,1,1,NULL,NULL,0,NULL,NULL,4,4,1,NULL,NULL,NULL,0,NULL,0,0,NULL,0,0,0,NULL,NULL,NULL,NULL,NULL,0,NULL,0,0,0,0,0,0,0,0,0,0
533,m,12,0,1,1,1,NULL,NULL,0,NULL,1,0,0,1,0,1,0,NULL,1,1,0,0,1,1,NULL,1,1,NULL,0,NULL,NULL,NULL,0,1,1,1,NULL,NULL,0,NULL,1,0,0,1,0,1,0,NULL,0,1,0,0,1,1,NULL,0,1,NULL,0,NULL,NULL,NULL,0,1,1,1,NULL,NULL,0,NULL,1,0,4,1,1,1,4,1,1,NULL,NULL,1,1,4,1,1,3,3,NULL,NULL,0,2,NULL,NULL,3,1,NULL,NULL,NULL,NULL,NULL,NULL
534,m,18,0,1,0,0,0,0,1,NULL,1,NULL,NULL,1,0,1,0,0,0,0,0,0,0,1,0,1,0,0,0,1,0,1,0,1,0,0,0,1,1,NULL,1,NULL,NULL,1,0,0,0,0,0,0,0,0,0,0,0,1,0,0,0,1,0,0,0,1,4,2,1,3,1,NULL,1,NULL,NULL,1,1,1,4,1,1,2,3,2,2,2,2,1,0,1,1,3,1,1,2,3,2,3,2,1,0,0,1,4
537,m,12,1,1,1,1,1,1,1,0,1,0,1,0,0,1,1,1,NULL,NULL,NULL,NULL,1,1,NULL,0,1,1,1,NULL,1,0,0,0,1,0,1,0,0,0,1,1,1,0,0,1,1,1,NULL,NULL,NULL,NULL,0,0,NULL,0,1,1,1,NULL,1,0,0,4,1,0,4,0,0,0,1,1,4,0,0,0,0,1,2,3,1,NULL,NULL,NULL,NULL,NULL,4,2,NULL,NULL,0,2,3,2,3,1,NULL,NULL,3,1,3,2
539,m,15,0,1,1,1,0,1,1,0,1,0,0,1,1,0,0,NULL,1,0,1,0,1,1,NULL,1,0,1,1,1,NULL,0,0,1,0,1,0,1,1,0,0,0,0,1,1,0,0,NULL,0,0,1,0,0,1,NULL,1,0,1,1,0,NULL,0,0,1,3,1,0,3,4,4,1,2,4,3,4,3,2,2,1,NULL,NULL,2,3,2,4,1,0,1,NULL,NULL,1,1,3,2,1,3,3,2,NULL,NULL,3,2
540,m,13,1,1,0,1,0,0,1,1,1,1,1,1,0,1,NULL,NULL,1,1,NULL,0,1,1,NULL,1,1,0,NULL,1,0,1,0,1,0,1,0,0,1,1,1,1,1,1,0,1,NULL,NULL,1,1,NULL,0,1,1,NULL,0,0,0,NULL,1,0,1,1,1,1,1,2,2,2,2,2,3,2,3,1,1,2,1,NULL,NULL,NULL,2,3,1,NULL,0,2,3,NULL,NULL,0,2,3,2,NULL,NULL,3,1,3,1,3,2
541,m,NULL,0,1,1,1,0,1,1,0,1,1,0,1,NULL,NULL,NULL,NULL,NULL,NULL,NULL,NULL,NULL,NULL,NULL,NULL,NULL,NULL,NULL,NULL,NULL,NULL,0,1,1,1,0,1,1,0,1,1,0,1,NULL,NULL,NULL,NULL,NULL,NULL,NULL,NULL,NULL,NULL,NULL,NULL,NULL,NULL,NULL,NULL,NULL,NULL,0,2,2,2,2,2,2,1,1,4,2,2,NULL,NULL,NULL,NULL,NULL,NULL,NULL,NULL,NULL,NULL,NULL,NULL,NULL,NULL,NULL,NULL,NULL,NULL,NULL,NULL,NULL,NULL,NULL,NULL,NULL,NULL,NULL,NULL
542,m,14,0,1,1,1,1,1,1,1,1,1,1,1,1,0,NULL,1,1,1,1,1,NULL,1,NULL,0,1,0,1,1,NULL,0,0,1,1,1,1,0,1,1,1,1,0,1,1,0,NULL,1,1,1,1,1,NULL,1,NULL,0,1,0,1,0,NULL,0,0,1,4,4,4,2,2,2,2,3,4,3,2,1,1,2,NULL,1,1,1,2,1,2,3,NULL,3,NULL,NULL,0,2,3,2,3,2,3,2,NULL,NULL,1,2
543,m,16,1,1,0,0,1,0,0,1,0,1,0,0,1,1,0,0,0,1,1,0,1,0,0,1,1,0,0,0,NULL,NULL,0,1,0,0,1,0,1,1,0,0,0,0,1,0,1,0,0,1,1,0,1,0,0,1,0,0,0,0,NULL,NULL,0,1,1,1,1,4,4,1,0,3,2,0,1,1,1,1,1,0,0,0,1,1,1,0,3,3,1,1,2,2,0,0,3,1,0,0,NULL,NULL,NULL,NULL
545,m,18,1,1,1,1,0,1,1,1,1,0,1,1,1,1,0,0,1,1,0,0,0,0,0,1,1,0,0,0,0,0,1,1,1,1,0,0,1,1,1,0,1,0,0,1,0,0,0,0,0,0,0,0,0,1,1,0,0,0,0,0,1,1,1,1,2,0,1,1,1,0,3,0,3,1,1,1,1,1,3,4,3,1,4,0,1,4,1,3,4,1,1,4,0,0,3,1,0,0,0,0
546,f,17,1,1,1,1,1,0,1,0,1,NULL,1,1,1,1,0,NULL,0,1,1,0,0,0,0,1,1,0,0,1,0,0,1,1,0,1,1,0,1,0,1,NULL,1,1,0,1,0,NULL,0,1,0,0,0,0,0,1,1,0,0,0,0,0,1,1,4,1,4,0,1,0,2,NULL,2,1,2,2,4,1,1,NULL,NULL,4,3,4,0,2,3,3,2,3,1,1,2,3,3,4,2,4,2,3,2,4
547,m,18,NULL,1,NULL,1,NULL,1,NULL,NULL,NULL,NULL,0,NULL,1,1,0,1,1,0,0,0,0,1,0,0,1,0,1,0,1,0,NULL,1,NULL,1,NULL,1,NULL,NULL,NULL,NULL,0,NULL,1,0,0,1,0,0,0,0,0,1,0,0,0,0,1,0,0,0,NULL,2,NULL,2,NULL,3,NULL,NULL,NULL,NULL,4,NULL,0,3,1,4,4,3,4,4,3,4,1,3,3,3,3,4,2,4,3,4,3,4,3,4,2,4,1,4
548,m,18,1,1,1,1,1,1,1,1,0,0,1,1,1,0,1,1,1,1,0,1,1,1,0,0,1,0,1,0,1,0,1,1,0,1,1,0,1,0,0,0,1,1,1,0,0,1,1,1,0,0,1,0,0,0,1,0,1,0,0,0,1,1,0,1,4,4,1,4,3,3,3,3,4,3,1,4,2,4,1,4,3,1,4,4,3,0,3,1,0,0,3,1,4,2,3,1,3,1,3,1
549,m,12,1,1,0,0,0,1,NULL,0,1,1,1,1,0,NULL,0,NULL,0,0,NULL,0,0,1,NULL,0,1,0,NULL,0,NULL,0,1,1,0,0,0,1,NULL,0,1,1,1,0,0,NULL,0,NULL,0,0,NULL,0,0,1,NULL,0,0,0,NULL,0,NULL,0,1,4,2,1,2,3,NULL,1,2,3,2,0,4,3,1,NULL,2,NULL,NULL,2,3,1,NULL,2,2,3,NULL,NULL,2,2,3,2,NULL,NULL,1,3,NULL,NULL,1,4
550,m,18,0,0,0,0,0,0,0,0,0,0,0,0,0,0,0,0,0,0,0,0,0,0,0,0,0,0,0,0,0,0,0,0,0,0,0,0,0,0,0,0,0,0,0,0,0,0,0,0,0,0,0,0,0,0,0,0,0,0,0,0,0,0,0,0,0,0,0,0,0,0,0,0,0,0,0,0,0,0,0,0,0,0,0,0,1,0,0,0,1,0,4,3,0,0,0,0,0,0,0,0
551,f,18,0,1,1,1,1,1,1,1,1,1,0,1,0,1,1,1,1,1,0,1,1,1,1,1,1,1,0,1,1,1,0,1,1,1,1,1,1,1,1,1,0,1,0,1,1,1,1,0,0,1,1,1,1,1,0,1,0,1,0,1,3,4,4,4,4,3,4,3,3,3,3,3,4,3,4,2,2,4,2,4,3,4,4,3,3,3,2,3,2,0,2,4,3,1,3,2,3,1,3,2
553,m,NULL,1,0,0,0,0,1,0,0,0,0,0,1,NULL,NULL,NULL,NULL,NULL,NULL,NULL,NULL,NULL,NULL,NULL,NULL,NULL,NULL,NULL,NULL,NULL,NULL,1,0,0,0,0,0,0,0,0,0,0,1,NULL,NULL,NULL,NULL,NULL,NULL,NULL,NULL,NULL,NULL,NULL,NULL,NULL,NULL,NULL,NULL,NULL,NULL,1,3,3,3,0,3,1,3,3,0,3,3,NULL,NULL,NULL,NULL,NULL,NULL,NULL,NULL,NULL,NULL,NULL,NULL,NULL,NULL,NULL,NULL,NULL,NULL,NULL,NULL,NULL,NULL,NULL,NULL,NULL,NULL,NULL,NULL
557,m,14,0,1,1,1,0,0,1,NULL,NULL,NULL,0,0,0,NULL,NULL,NULL,1,0,NULL,0,0,1,0,1,1,0,0,0,1,0,0,1,1,1,0,0,1,NULL,NULL,NULL,0,0,0,NULL,NULL,NULL,0,0,NULL,0,0,1,0,1,0,0,0,0,1,0,0,1,1,4,1,1,4,NULL,NULL,NULL,1,0,1,1,4,NULL,NULL,NULL,NULL,1,1,4,NULL,0,1,2,1,4,1,4,1,3,3,1,0,0,2,3,0,0
560,m,18,1,1,0,1,1,1,0,1,0,0,1,1,1,0,1,1,0,1,1,1,1,1,1,1,1,0,1,0,0,1,0,1,0,1,1,1,1,1,0,0,0,1,1,0,0,1,0,1,1,0,0,1,1,1,1,0,1,0,0,1,0,2,2,2,2,2,2,2,4,3,0,2,1,1,1,0,1,1,1,4,1,1,4,4,0,4,1,4,2,4,3,2,3,2,3,2,3,2,3,2
562,m,10,0,0,0,NULL,NULL,1,NULL,NULL,1,NULL,0,NULL,0,NULL,NULL,NULL,0,0,0,0,0,1,NULL,1,1,0,NULL,NULL,NULL,NULL,0,1,0,NULL,NULL,1,NULL,NULL,1,NULL,0,NULL,0,NULL,NULL,NULL,0,0,0,0,0,1,NULL,0,1,0,NULL,NULL,NULL,NULL,0,1,1,NULL,NULL,3,NULL,NULL,1,NULL,1,NULL,4,3,1,NULL,NULL,NULL,NULL,2,3,2,0,1,4,2,NULL,NULL,0,2,3,2,NULL,NULL,NULL,NULL,NULL,NULL,NULL,NULL
563,m,12,0,1,1,1,1,1,0,0,1,0,0,1,0,1,NULL,NULL,1,0,0,1,0,1,NULL,0,1,0,0,NULL,NULL,NULL,0,1,0,1,1,1,0,0,1,1,0,0,0,0,NULL,NULL,1,0,0,1,0,1,NULL,0,0,0,0,NULL,NULL,NULL,0,2,1,2,4,3,4,2,1,3,0,0,4,3,2,1,NULL,NULL,NULL,2,3,2,1,1,0,2,NULL,NULL,0,2,3,2,3,2,NULL,NULL,NULL,NULL,NULL,NULL
564,m,NULL,NULL,0,0,NULL,NULL,1,NULL,NULL,1,NULL,NULL,NULL,NULL,NULL,NULL,NULL,NULL,NULL,NULL,NULL,NULL,NULL,NULL,NULL,NULL,NULL,NULL,NULL,NULL,NULL,NULL,0,0,NULL,NULL,0,NULL,NULL,1,NULL,NULL,NULL,NULL,NULL,NULL,NULL,NULL,NULL,NULL,NULL,NULL,NULL,NULL,NULL,NULL,NULL,NULL,NULL,NULL,NULL,NULL,4,2,NULL,NULL,3,NULL,NULL,1,NULL,NULL,NULL,NULL,NULL,NULL,NULL,NULL,NULL,NULL,NULL,NULL,NULL,NULL,NULL,NULL,NULL,NULL,NULL,NULL,NULL,NULL,NULL,NULL,NULL,NULL,NULL,NULL,NULL,NULL,NULL
565,m,NULL,0,NULL,0,NULL,NULL,NULL,0,NULL,NULL,NULL,NULL,NULL,NULL,NULL,NULL,NULL,NULL,NULL,NULL,NULL,NULL,NULL,NULL,NULL,NULL,NULL,NULL,NULL,NULL,NULL,0,NULL,0,NULL,NULL,NULL,0,NULL,NULL,NULL,NULL,NULL,NULL,NULL,NULL,NULL,NULL,NULL,NULL,NULL,NULL,NULL,NULL,NULL,NULL,NULL,NULL,NULL,NULL,NULL,4,NULL,4,NULL,NULL,NULL,1,NULL,NULL,NULL,NULL,NULL,NULL,NULL,NULL,NULL,NULL,NULL,NULL,NULL,NULL,NULL,NULL,NULL,NULL,NULL,NULL,NULL,NULL,NULL,NULL,NULL,NULL,NULL,NULL,NULL,NULL,NULL,NULL,NULL
566,m,14,1,1,1,1,0,1,1,1,1,1,1,1,1,1,0,NULL,1,1,0,1,1,1,NULL,0,1,1,0,NULL,0,NULL,0,1,0,1,0,1,0,1,1,0,1,1,0,1,0,NULL,0,1,0,1,1,1,NULL,1,0,1,1,NULL,0,NULL,0,2,1,1,2,3,0,1,2,3,2,3,1,1,4,2,2,NULL,NULL,2,3,2,2,3,2,3,NULL,NULL,2,2,3,2,3,2,NULL,NULL,2,3,NULL,NULL
567,m,18,NULL,1,0,1,0,0,0,0,0,0,0,NULL,0,1,0,1,0,1,1,1,1,1,0,0,1,1,1,1,1,0,NULL,1,0,1,0,0,0,0,0,0,0,NULL,0,1,0,0,0,0,0,1,1,0,0,0,0,1,1,1,1,0,NULL,1,2,1,2,1,3,1,1,1,1,NULL,4,3,2,2,0,1,3,0,3,2,0,2,3,0,3,2,0,2,3,2,3,1,1,3,1,3,4,3
568,m,18,1,1,0,1,1,1,1,1,1,0,1,1,1,1,0,1,1,1,0,1,0,1,0,0,0,0,0,0,0,0,0,1,0,1,1,1,0,1,1,0,1,0,1,1,0,0,0,1,0,1,0,0,0,0,0,0,0,0,0,0,2,2,2,2,2,3,0,2,2,3,2,0,4,3,1,1,2,2,3,2,3,1,0,3,0,0,3,2,0,0,3,2,3,1,2,4,2,4,2,3
569,m,16,0,0,1,0,1,1,1,0,1,1,1,1,0,0,1,1,1,1,1,1,1,0,NULL,0,1,0,1,1,NULL,0,0,0,1,1,1,0,0,0,1,1,0,1,0,0,0,0,0,0,0,0,1,0,NULL,0,1,0,1,0,NULL,0,0,4,2,1,4,3,0,4,2,3,4,2,4,3,1,4,2,0,0,2,3,1,4,1,3,3,NULL,NULL,4,2,4,1,3,1,2,4,NULL,NULL,1,4
571,f,18,0,1,0,1,1,1,1,1,1,0,1,1,0,1,1,1,1,0,0,1,1,1,1,0,1,1,1,1,1,1,0,1,0,1,1,0,1,1,1,0,1,1,0,1,1,1,1,0,0,1,1,1,1,0,1,1,1,1,1,1,2,2,2,2,2,3,2,2,2,3,2,2,2,1,3,1,2,2,1,2,2,3,2,3,3,3,1,3,0,1,2,3,2,3,2,3,1,1,1,3
572,m,9,1,1,1,1,0,1,0,0,NULL,1,0,1,0,0,NULL,0,1,0,NULL,1,NULL,NULL,NULL,1,0,NULL,0,NULL,NULL,NULL,1,1,0,1,0,1,0,0,NULL,1,0,0,0,0,NULL,0,0,0,NULL,0,NULL,NULL,NULL,1,0,NULL,0,NULL,NULL,NULL,2,1,1,1,2,3,1,2,NULL,3,1,0,2,1,3,4,NULL,0,0,2,2,3,NULL,0,NULL,NULL,NULL,NULL,1,1,NULL,NULL,2,4,NULL,NULL,NULL,NULL,NULL,NULL
573,m,16,0,1,1,1,0,1,1,1,0,1,1,1,0,1,1,1,0,0,1,0,0,1,NULL,1,1,NULL,0,0,0,0,0,1,0,1,0,1,1,1,0,0,1,1,0,1,1,0,0,0,1,0,0,1,NULL,1,1,NULL,0,0,0,0,1,1,1,1,4,3,4,1,1,0,1,1,1,1,3,4,2,4,3,4,2,3,2,4,4,4,NULL,NULL,1,4,NULL,NULL,2,3,1,3,4,3,1,3
575,m,18,1,1,0,0,1,1,NULL,0,1,1,1,1,1,1,0,0,0,1,1,0,1,1,1,1,1,1,0,0,1,1,1,1,0,0,1,1,NULL,1,1,1,1,1,1,1,0,0,0,1,0,0,1,0,0,0,1,0,0,0,1,0,4,1,2,1,1,3,NULL,1,1,4,1,0,2,2,2,1,0,2,1,0,2,1,0,1,2,3,0,0,0,2,1,1,1,4,1,4,1,4,1,3
578,m,NULL,1,1,0,1,1,1,1,1,1,1,1,1,NULL,NULL,NULL,NULL,NULL,NULL,NULL,NULL,NULL,NULL,NULL,NULL,NULL,NULL,NULL,NULL,NULL,NULL,1,1,0,1,1,1,1,1,1,1,1,0,NULL,NULL,NULL,NULL,NULL,NULL,NULL,NULL,NULL,NULL,NULL,NULL,NULL,NULL,NULL,NULL,NULL,NULL,1,1,1,1,3,1,1,1,1,3,2,0,NULL,NULL,NULL,NULL,NULL,NULL,NULL,NULL,NULL,NULL,NULL,NULL,NULL,NULL,NULL,NULL,NULL,NULL,NULL,NULL,NULL,NULL,NULL,NULL,NULL,NULL,NULL,NULL
582,m,NULL,NULL,1,0,NULL,NULL,1,1,NULL,1,NULL,NULL,NULL,NULL,NULL,NULL,NULL,NULL,NULL,NULL,NULL,NULL,NULL,NULL,NULL,NULL,NULL,NULL,NULL,NULL,NULL,NULL,1,0,NULL,NULL,0,1,NULL,1,NULL,NULL,NULL,NULL,NULL,NULL,NULL,NULL,NULL,NULL,NULL,NULL,NULL,NULL,NULL,NULL,NULL,NULL,NULL,NULL,NULL,NULL,3,2,NULL,NULL,0,4,NULL,3,NULL,NULL,NULL,NULL,NULL,NULL,NULL,NULL,NULL,NULL,NULL,NULL,NULL,NULL,NULL,NULL,NULL,NULL,NULL,NULL,NULL,NULL,NULL,NULL,NULL,NULL,NULL,NULL,NULL,NULL,NULL
583,m,18,0,1,1,1,1,1,1,1,1,1,0,1,1,1,1,0,1,1,0,1,1,1,0,1,1,1,0,0,1,1,0,1,0,1,0,1,1,1,1,1,0,1,1,0,0,1,0,1,0,1,1,1,0,0,0,0,0,0,0,1,2,2,2,2,0,3,2,2,1,3,2,2,4,3,1,4,0,4,2,4,1,3,4,4,4,3,3,2,0,4,1,4,1,4,0,0,2,3,1,3
584,m,10,NULL,1,0,1,1,0,0,0,1,NULL,1,1,1,0,1,NULL,1,1,NULL,0,0,1,NULL,1,0,NULL,NULL,NULL,NULL,NULL,NULL,0,0,1,1,0,0,0,1,NULL,1,0,0,0,1,NULL,1,1,NULL,0,0,0,NULL,1,0,NULL,NULL,NULL,NULL,NULL,NULL,0,1,1,2,3,2,2,1,NULL,2,0,4,3,2,2,2,NULL,NULL,2,3,2,NULL,3,0,0,NULL,NULL,2,1,NULL,NULL,NULL,NULL,NULL,NULL,NULL,NULL,NULL,NULL
585,m,18,0,0,1,1,1,1,0,0,1,0,1,1,0,1,0,0,1,0,1,1,1,1,0,1,1,1,0,1,0,0,0,0,1,0,1,1,0,0,1,0,1,1,0,1,0,0,1,0,1,0,1,1,0,1,1,1,0,1,0,0,1,2,2,0,2,3,0,1,2,4,2,2,2,2,3,2,4,2,3,2,2,3,2,0,2,3,2,3,2,2,2,3,3,1,2,4,2,4,2,3
587,m,12,0,0,0,0,0,0,0,0,0,0,0,0,0,NULL,1,NULL,1,1,0,1,1,NULL,NULL,1,1,0,0,NULL,1,NULL,0,0,0,0,0,0,0,0,0,0,0,0,0,NULL,1,NULL,0,1,0,1,1,NULL,NULL,0,0,0,0,NULL,1,NULL,0,0,0,0,0,0,0,0,0,0,0,0,2,2,4,NULL,4,NULL,NULL,4,1,4,4,3,3,NULL,NULL,NULL,0,1,2,3,1,3,NULL,NULL,2,4,NULL,NULL
589,f,16,1,1,1,1,NULL,1,NULL,NULL,1,0,1,1,0,1,NULL,NULL,1,1,1,1,0,0,0,1,1,1,1,1,0,1,0,1,1,1,NULL,1,NULL,NULL,1,0,1,0,0,0,NULL,NULL,0,1,0,1,0,0,0,1,0,1,1,0,0,0,0,2,4,1,NULL,3,NULL,NULL,1,4,4,0,4,3,1,4,NULL,NULL,NULL,4,3,1,3,3,4,3,0,0,1,4,2,3,3,1,3,1,3,1,3,1
590,m,18,1,1,0,1,0,1,1,0,1,1,0,1,1,0,0,0,1,0,0,0,1,1,0,1,1,0,0,0,0,0,0,1,0,1,0,1,1,0,1,0,0,1,0,0,0,0,0,0,0,0,1,0,0,0,1,0,0,0,0,0,0,2,0,2,2,3,2,2,2,0,2,2,3,1,2,4,2,2,2,2,1,2,0,0,3,0,1,3,0,4,2,3,2,3,0,0,0,0,0,0
591,m,9,NULL,1,NULL,NULL,NULL,NULL,NULL,NULL,1,NULL,NULL,NULL,0,NULL,NULL,NULL,1,0,1,1,0,0,NULL,0,1,NULL,NULL,NULL,NULL,NULL,NULL,1,NULL,NULL,NULL,NULL,NULL,NULL,1,NULL,NULL,NULL,0,NULL,NULL,NULL,0,0,1,1,0,0,NULL,0,0,NULL,NULL,NULL,NULL,NULL,NULL,1,NULL,NULL,NULL,NULL,NULL,NULL,4,NULL,NULL,NULL,2,2,2,NULL,NULL,NULL,NULL,4,3,2,1,3,4,2,NULL,NULL,0,4,NULL,NULL,NULL,NULL,NULL,NULL,NULL,NULL,NULL,NULL
592,m,NULL,1,NULL,0,0,NULL,NULL,NULL,NULL,0,NULL,NULL,0,NULL,NULL,NULL,NULL,NULL,NULL,NULL,NULL,NULL,NULL,NULL,NULL,NULL,NULL,NULL,NULL,NULL,NULL,0,NULL,0,0,NULL,NULL,NULL,NULL,0,NULL,NULL,0,NULL,NULL,NULL,NULL,NULL,NULL,NULL,NULL,NULL,NULL,NULL,NULL,NULL,NULL,NULL,NULL,NULL,NULL,0,NULL,0,0,NULL,NULL,NULL,NULL,1,NULL,NULL,0,NULL,NULL,NULL,NULL,NULL,NULL,NULL,NULL,NULL,NULL,NULL,NULL,NULL,NULL,NULL,NULL,NULL,NULL,NULL,NULL,NULL,NULL,NULL,NULL,NULL,NULL,NULL,NULL
594,m,18,1,0,1,1,1,1,1,1,1,1,1,1,1,0,0,1,1,1,1,1,1,1,0,0,1,1,1,1,1,1,1,1,1,1,1,1,1,1,1,1,1,1,1,0,0,1,1,1,1,0,1,1,0,0,1,1,1,0,0,1,1,1,1,1,3,3,1,1,1,3,1,1,1,1,3,4,0,1,3,1,1,1,1,0,2,3,3,2,0,2,1,4,3,1,3,4,3,2,3,2
595,m,18,1,1,1,1,1,1,1,0,1,0,0,1,1,0,0,1,0,0,0,0,1,0,0,1,1,0,1,1,1,1,0,1,0,1,0,1,1,0,0,0,0,1,1,0,0,1,0,1,0,0,0,0,0,0,1,0,0,1,0,0,0,2,1,4,4,4,2,4,4,2,4,2,3,2,1,4,0,2,1,0,2,1,1,2,0,0,2,2,1,2,2,1,4,2,2,2,2,2,2,2
596,m,NULL,0,0,1,0,0,1,1,1,1,0,1,1,NULL,NULL,NULL,NULL,NULL,NULL,NULL,NULL,NULL,NULL,NULL,NULL,NULL,NULL,NULL,NULL,NULL,NULL,1,1,1,0,0,1,0,0,0,0,1,1,NULL,NULL,NULL,NULL,NULL,NULL,NULL,NULL,NULL,NULL,NULL,NULL,NULL,NULL,NULL,NULL,NULL,NULL,2,2,4,2,4,3,4,1,4,4,2,1,NULL,NULL,NULL,NULL,NULL,NULL,NULL,NULL,NULL,NULL,NULL,NULL,NULL,NULL,NULL,NULL,NULL,NULL,NULL,NULL,NULL,NULL,NULL,NULL,NULL,NULL,NULL,NULL
597,m,9,0,1,1,1,NULL,NULL,NULL,NULL,NULL,NULL,1,1,1,NULL,1,0,1,1,NULL,0,NULL,NULL,NULL,1,NULL,NULL,NULL,0,NULL,0,0,1,1,1,NULL,NULL,NULL,NULL,NULL,NULL,1,0,1,NULL,1,0,1,1,NULL,0,NULL,NULL,NULL,0,NULL,NULL,NULL,0,NULL,0,3,1,4,1,NULL,NULL,NULL,NULL,NULL,NULL,1,0,2,2,4,NULL,2,1,1,1,2,3,NULL,1,NULL,NULL,NULL,NULL,0,NULL,NULL,NULL,NULL,NULL,0,0,NULL,NULL,0,0
598,m,18,0,1,0,1,0,0,0,0,1,0,1,1,1,1,1,1,1,1,1,1,1,1,0,1,1,0,1,1,1,0,0,1,0,1,0,0,0,1,1,0,1,1,1,1,1,1,1,1,1,1,1,0,0,1,0,0,1,1,1,0,2,1,2,1,2,2,2,2,2,2,2,1,2,2,4,2,2,3,2,2,3,2,2,3,2,0,2,2,2,2,3,2,3,2,2,2,3,2,3,1
602,f,9,0,0,0,1,NULL,0,NULL,NULL,1,0,0,1,1,NULL,NULL,NULL,1,1,0,0,0,NULL,NULL,1,1,0,NULL,NULL,NULL,NULL,0,0,0,1,NULL,0,NULL,NULL,0,1,0,0,1,NULL,NULL,NULL,0,1,0,0,0,NULL,NULL,1,0,0,NULL,NULL,NULL,NULL,0,3,2,1,NULL,2,NULL,NULL,3,3,1,0,4,3,1,NULL,NULL,NULL,NULL,4,3,1,0,4,1,NULL,NULL,NULL,2,4,4,2,NULL,NULL,NULL,NULL,NULL,NULL,NULL,NULL
603,m,NULL,0,1,1,1,1,1,1,0,1,0,0,1,NULL,NULL,NULL,NULL,NULL,NULL,NULL,NULL,NULL,NULL,NULL,NULL,NULL,NULL,NULL,NULL,NULL,NULL,0,1,1,1,1,0,1,0,1,0,0,0,NULL,NULL,NULL,NULL,NULL,NULL,NULL,NULL,NULL,NULL,NULL,NULL,NULL,NULL,NULL,NULL,NULL,NULL,0,1,4,1,4,0,4,1,1,1,2,0,NULL,NULL,NULL,NULL,NULL,NULL,NULL,NULL,NULL,NULL,NULL,NULL,NULL,NULL,NULL,NULL,NULL,NULL,NULL,NULL,NULL,NULL,NULL,NULL,NULL,NULL,NULL,NULL
604,m,15,NULL,0,1,1,NULL,NULL,NULL,NULL,NULL,0,0,NULL,0,1,1,NULL,1,1,0,0,0,1,NULL,0,0,0,NULL,1,1,1,NULL,1,0,1,NULL,NULL,NULL,NULL,NULL,0,0,NULL,0,0,1,NULL,0,1,0,0,0,1,NULL,0,0,0,NULL,1,1,1,NULL,2,2,2,NULL,NULL,NULL,NULL,NULL,0,4,NULL,2,3,2,2,2,NULL,NULL,2,3,2,2,2,1,3,NULL,NULL,0,2,3,2,NULL,NULL,3,1,3,1,3,2
605,f,15,1,1,1,1,0,1,0,1,1,0,1,1,1,1,NULL,1,1,1,0,1,NULL,0,NULL,1,1,0,1,1,0,0,1,1,0,1,0,1,0,0,1,0,1,1,1,1,NULL,1,1,1,0,0,NULL,0,NULL,1,1,0,1,0,0,0,2,2,2,2,2,3,2,2,2,2,4,2,2,3,2,1,NULL,3,1,1,3,1,1,3,NULL,3,NULL,NULL,1,1,3,1,3,1,3,1,3,1,3,1
606,m,18,1,0,0,1,1,1,1,1,0,0,0,1,0,0,0,1,1,1,1,0,0,0,1,0,1,1,1,1,1,1,0,0,0,1,1,0,1,0,0,0,0,1,0,0,0,1,1,1,0,0,0,0,0,1,0,0,1,1,1,1,2,4,4,4,4,4,4,4,4,4,2,1,4,3,1,1,2,1,3,2,3,2,0,0,4,0,2,3,1,4,1,3,3,1,2,4,2,3,1,3
607,m,18,1,1,0,1,1,1,1,1,1,1,1,1,1,0,0,1,1,1,1,1,1,0,1,1,1,0,1,1,0,0,1,1,0,1,1,1,1,1,0,1,1,1,1,0,0,1,0,1,1,0,1,0,0,1,0,0,1,0,0,0,1,1,2,1,1,1,1,1,2,3,2,0,4,3,1,1,0,3,1,1,1,1,1,1,3,3,3,1,1,2,1,1,3,2,2,1,1,1,1,1
612,m,17,0,0,0,0,0,0,0,0,0,0,0,0,0,1,0,0,1,1,0,0,1,1,NULL,1,1,0,1,1,0,0,0,0,0,0,0,0,0,0,0,0,0,0,0,1,0,0,1,1,0,0,1,1,NULL,1,1,0,1,0,0,0,0,0,0,0,0,0,0,0,0,0,0,0,4,3,2,4,2,3,2,4,4,2,0,3,3,3,NULL,NULL,2,3,1,3,3,1,3,4,2,3,1,4
614,m,18,0,1,0,1,NULL,1,NULL,0,1,0,1,1,0,0,0,0,1,0,0,1,0,1,0,1,1,0,0,0,0,0,0,1,0,1,NULL,0,NULL,0,1,0,1,1,0,0,0,0,1,0,0,1,0,1,0,1,1,0,0,0,0,0,3,4,3,2,NULL,4,NULL,2,2,2,4,3,0,0,0,0,1,0,0,1,0,0,0,3,0,3,0,0,1,4,0,0,0,0,0,0,0,0,0,0
615,m,18,0,1,0,1,1,1,1,0,1,1,1,1,0,1,1,1,0,1,1,1,1,1,1,0,1,1,0,1,1,0,0,1,0,1,1,1,1,0,1,0,1,1,0,1,1,1,0,1,1,0,1,0,1,0,1,0,0,1,1,0,0,2,2,2,2,3,2,2,2,3,2,2,1,1,4,2,2,3,1,0,3,2,2,3,3,0,2,3,0,2,3,2,3,1,3,1,2,1,3,2
616,m,18,0,1,0,1,1,0,1,0,1,0,0,1,0,1,1,1,1,0,1,0,0,1,1,0,1,1,1,1,1,1,0,1,0,1,1,0,1,0,1,0,0,0,0,1,1,0,0,0,1,0,0,1,1,0,1,0,0,1,1,1,0,1,1,1,4,0,2,1,1,4,4,0,1,1,3,1,2,2,1,4,1,2,2,1,1,3,1,3,0,1,1,3,1,3,1,3,2,3,1,3
617,m,18,0,1,0,1,0,1,1,1,1,1,0,1,1,0,0,1,0,1,1,1,1,1,0,1,1,0,0,1,1,1,0,1,0,1,0,1,1,1,1,1,0,0,1,0,1,1,0,1,1,1,1,1,0,1,1,0,1,1,0,1,0,1,2,2,2,3,1,2,2,3,2,0,4,3,2,2,2,3,1,2,3,2,2,2,3,2,3,2,2,2,3,2,3,2,3,2,3,2,3,2
618,m,NULL,0,1,0,1,NULL,0,NULL,NULL,1,NULL,1,1,NULL,NULL,NULL,NULL,NULL,NULL,NULL,NULL,NULL,NULL,NULL,NULL,NULL,NULL,NULL,NULL,NULL,NULL,0,1,0,1,NULL,0,NULL,NULL,1,NULL,1,1,NULL,NULL,NULL,NULL,NULL,NULL,NULL,NULL,NULL,NULL,NULL,NULL,NULL,NULL,NULL,NULL,NULL,NULL,2,1,1,4,NULL,3,NULL,NULL,1,NULL,4,3,NULL,NULL,NULL,NULL,NULL,NULL,NULL,NULL,NULL,NULL,NULL,NULL,NULL,NULL,NULL,NULL,NULL,NULL,NULL,NULL,NULL,NULL,NULL,NULL,NULL,NULL,NULL,NULL
619,m,18,1,1,1,1,1,1,1,0,1,1,1,1,1,1,1,1,1,0,1,1,1,1,0,1,1,0,1,1,1,1,1,1,1,1,1,1,1,0,1,1,1,1,1,0,1,1,1,0,1,1,1,1,0,0,0,0,1,0,0,0,2,2,2,2,2,3,2,2,2,3,2,2,4,3,2,1,2,3,1,2,3,1,2,2,3,2,3,2,0,2,3,2,3,1,3,1,3,2,3,2
620,m,15,NULL,1,1,1,0,1,0,NULL,1,NULL,1,0,0,1,0,0,1,0,0,0,NULL,NULL,NULL,0,1,0,1,1,1,1,NULL,1,1,1,0,1,0,NULL,1,NULL,1,0,0,1,0,0,1,0,0,0,NULL,NULL,NULL,0,0,0,1,1,1,0,NULL,1,2,1,2,1,1,NULL,1,NULL,4,1,4,3,1,2,4,3,1,2,3,1,4,2,NULL,NULL,NULL,NULL,0,2,3,2,4,1,3,1,3,1,1,3
621,m,13,NULL,1,0,1,0,1,NULL,NULL,1,1,1,0,1,1,1,NULL,1,1,NULL,NULL,NULL,0,0,1,1,1,NULL,0,0,1,NULL,1,0,1,0,1,NULL,NULL,0,1,1,0,1,0,1,NULL,1,1,NULL,NULL,NULL,0,0,1,1,0,NULL,0,0,1,NULL,2,2,1,2,3,NULL,NULL,2,3,4,0,2,2,4,4,3,NULL,NULL,2,2,3,NULL,NULL,NULL,0,0,0,4,2,1,3,NULL,NULL,3,1,2,1,3,1
624,f,18,0,1,0,1,1,1,1,1,1,1,1,1,1,0,1,1,1,1,0,1,1,1,0,1,1,0,1,0,0,1,1,1,0,1,1,0,1,1,1,1,1,0,0,1,0,0,1,0,0,1,0,1,0,0,1,0,0,0,0,1,3,1,1,1,4,1,1,1,0,3,4,0,4,3,2,2,0,3,2,0,3,2,2,3,0,0,0,0,0,2,3,2,3,2,3,1,3,1,3,2
625,m,18,0,0,1,0,0,0,1,1,1,0,1,0,1,1,1,1,0,1,0,0,1,1,0,0,1,0,0,1,1,1,0,0,1,0,0,0,1,1,0,0,0,0,1,1,1,0,0,0,0,0,1,1,0,0,1,1,0,1,1,1,0,2,2,1,2,3,2,2,1,3,0,0,4,3,2,2,2,2,2,0,2,2,0,0,3,3,2,3,0,2,2,3,3,1,3,2,3,1,3,1
627,m,18,1,0,1,1,1,1,0,1,1,1,1,1,1,0,1,0,1,0,1,1,1,1,0,0,1,0,1,1,1,1,1,1,1,1,1,0,0,1,1,1,1,1,0,0,0,0,1,0,1,1,1,1,0,0,0,0,0,1,1,1,2,1,1,1,2,1,2,1,2,3,1,3,4,3,1,1,4,3,1,2,3,1,4,3,3,3,3,1,0,4,3,2,3,1,3,4,3,4,3,4
628,m,15,1,1,1,1,1,0,1,0,1,0,1,1,1,0,0,NULL,1,1,1,1,0,0,NULL,1,1,1,1,0,1,NULL,1,1,1,1,1,0,1,0,1,0,1,1,1,0,0,NULL,0,1,1,1,1,0,NULL,1,0,0,1,0,0,NULL,2,2,2,2,2,3,4,2,2,0,2,2,4,3,1,1,1,NULL,NULL,1,3,1,1,3,3,3,NULL,NULL,1,1,3,2,3,1,3,1,3,1,NULL,NULL
629,m,11,1,1,0,0,1,1,0,1,1,0,0,0,NULL,1,0,0,NULL,NULL,0,1,0,NULL,NULL,NULL,NULL,NULL,0,0,0,0,1,1,0,0,1,1,0,0,1,0,0,0,NULL,0,0,0,NULL,NULL,0,0,0,NULL,NULL,NULL,NULL,NULL,0,0,0,0,2,2,2,2,4,3,0,1,1,1,2,0,NULL,NULL,NULL,1,2,4,4,NULL,NULL,NULL,0,0,2,NULL,NULL,NULL,NULL,NULL,NULL,NULL,3,2,0,0,0,0,0,0
630,m,18,1,1,0,0,1,1,1,1,1,1,1,1,0,1,1,1,1,0,1,1,1,0,0,1,1,1,0,1,1,1,0,1,0,0,1,1,1,1,0,0,1,1,0,1,0,0,1,0,1,1,1,0,0,1,0,1,0,0,1,1,2,1,3,2,4,3,4,4,1,1,2,3,0,0,0,1,2,2,3,2,1,2,1,3,3,0,2,3,1,2,2,3,3,1,0,0,2,2,1,3
631,m,16,1,1,0,1,0,1,1,1,1,1,0,1,1,NULL,0,0,1,1,1,0,1,1,0,1,1,0,0,NULL,1,0,1,1,0,1,0,1,1,0,1,1,0,0,1,NULL,0,0,1,1,0,0,0,1,0,1,0,0,0,NULL,1,0,2,2,4,2,2,3,2,1,2,3,2,0,1,1,4,NULL,0,3,2,2,3,2,0,1,0,4,1,3,2,4,1,3,3,2,NULL,NULL,3,2,3,2
632,m,NULL,NULL,0,0,0,NULL,NULL,NULL,NULL,NULL,NULL,0,0,NULL,NULL,NULL,NULL,NULL,NULL,NULL,NULL,NULL,NULL,NULL,NULL,NULL,NULL,NULL,NULL,NULL,NULL,NULL,0,0,0,NULL,NULL,NULL,NULL,NULL,NULL,0,0,NULL,NULL,NULL,NULL,NULL,NULL,NULL,NULL,NULL,NULL,NULL,NULL,NULL,NULL,NULL,NULL,NULL,NULL,NULL,0,0,0,NULL,NULL,NULL,NULL,NULL,NULL,0,0,NULL,NULL,NULL,NULL,NULL,NULL,NULL,NULL,NULL,NULL,NULL,NULL,NULL,NULL,NULL,NULL,NULL,NULL,NULL,NULL,NULL,NULL,NULL,NULL,NULL,NULL,NULL,NULL
633,m,NULL,0,0,NULL,NULL,NULL,NULL,NULL,NULL,NULL,NULL,0,NULL,NULL,NULL,NULL,NULL,NULL,NULL,NULL,NULL,NULL,NULL,NULL,NULL,NULL,NULL,NULL,NULL,NULL,NULL,0,0,NULL,NULL,NULL,NULL,NULL,NULL,NULL,NULL,0,NULL,NULL,NULL,NULL,NULL,NULL,NULL,NULL,NULL,NULL,NULL,NULL,NULL,NULL,NULL,NULL,NULL,NULL,NULL,0,0,NULL,NULL,NULL,NULL,NULL,NULL,NULL,NULL,0,NULL,NULL,NULL,NULL,NULL,NULL,NULL,NULL,NULL,NULL,NULL,NULL,NULL,NULL,NULL,NULL,NULL,NULL,NULL,NULL,NULL,NULL,NULL,NULL,NULL,NULL,NULL,NULL,NULL
636,m,10,0,1,1,1,NULL,NULL,1,NULL,1,NULL,1,NULL,0,NULL,NULL,1,1,1,NULL,0,1,0,NULL,1,1,0,NULL,NULL,NULL,NULL,0,0,1,1,NULL,NULL,1,NULL,1,NULL,0,NULL,0,NULL,NULL,1,1,0,NULL,0,1,0,NULL,1,1,0,NULL,NULL,NULL,NULL,0,1,4,1,NULL,NULL,2,NULL,1,NULL,1,NULL,2,2,4,NULL,NULL,2,2,2,2,2,NULL,2,2,0,NULL,NULL,2,2,2,3,NULL,NULL,NULL,NULL,NULL,NULL,NULL,NULL
639,m,9,1,1,1,1,0,1,NULL,NULL,NULL,NULL,0,1,1,0,NULL,NULL,1,1,NULL,0,0,0,NULL,1,0,NULL,NULL,NULL,NULL,NULL,0,1,1,1,0,0,NULL,NULL,NULL,NULL,0,1,0,0,NULL,NULL,1,0,NULL,0,0,1,NULL,1,0,NULL,NULL,NULL,NULL,NULL,1,1,1,1,3,1,NULL,NULL,NULL,NULL,1,3,2,2,4,1,NULL,NULL,NULL,0,2,4,NULL,0,1,3,NULL,NULL,1,1,NULL,NULL,NULL,NULL,NULL,NULL,NULL,NULL,NULL,NULL
641,m,14,0,0,1,0,1,1,1,1,1,1,1,1,1,1,0,NULL,0,0,0,1,1,1,NULL,1,1,NULL,NULL,1,1,0,0,1,1,0,1,1,1,1,1,0,1,1,1,1,0,NULL,0,0,0,1,0,1,NULL,1,0,NULL,NULL,1,1,0,3,4,4,0,4,3,4,4,4,4,4,4,2,2,4,4,4,NULL,NULL,4,2,3,4,0,0,4,NULL,NULL,4,4,NULL,NULL,NULL,NULL,4,1,3,1,4,1
642,m,18,1,1,0,1,1,0,1,0,1,0,0,0,1,1,1,1,1,1,0,1,1,1,0,0,1,0,0,1,1,1,0,1,1,1,1,0,1,0,0,0,0,0,1,1,1,1,1,0,0,1,1,1,0,0,1,0,0,1,0,1,2,1,2,1,4,3,4,1,1,3,2,0,4,1,1,1,2,1,1,2,3,1,0,3,3,3,1,3,0,2,1,2,3,1,1,1,1,1,1,4
643,m,18,0,1,1,1,1,1,0,NULL,1,0,1,1,1,1,1,1,0,1,0,0,0,1,0,0,1,0,1,0,0,0,1,0,0,1,1,1,0,NULL,1,0,1,1,1,1,0,1,0,0,0,0,0,0,0,0,1,0,1,0,0,0,1,1,1,2,1,3,1,NULL,1,1,1,1,4,3,1,1,0,1,1,2,3,1,0,0,0,0,2,3,0,2,2,3,3,1,0,0,0,0,0,0
644,f,1,NULL,NULL,NULL,1,NULL,NULL,NULL,NULL,NULL,NULL,NULL,NULL,NULL,NULL,NULL,NULL,NULL,NULL,NULL,NULL,NULL,NULL,NULL,NULL,0,NULL,NULL,NULL,NULL,NULL,NULL,NULL,NULL,1,NULL,NULL,NULL,NULL,NULL,NULL,NULL,NULL,NULL,NULL,NULL,NULL,NULL,NULL,NULL,NULL,NULL,NULL,NULL,NULL,0,NULL,NULL,NULL,NULL,NULL,NULL,NULL,NULL,1,NULL,NULL,NULL,NULL,NULL,NULL,NULL,NULL,NULL,NULL,NULL,NULL,NULL,NULL,NULL,NULL,NULL,NULL,NULL,NULL,NULL,NULL,NULL,NULL,NULL,1,NULL,NULL,NULL,NULL,NULL,NULL,NULL,NULL,NULL,NULL
652,m,5,1,0,0,1,0,1,1,0,1,1,0,1,0,NULL,NULL,NULL,NULL,NULL,NULL,NULL,NULL,0,0,NULL,NULL,0,NULL,NULL,0,NULL,1,0,1,1,0,1,1,0,1,1,0,1,0,NULL,NULL,NULL,NULL,NULL,NULL,NULL,NULL,0,0,NULL,NULL,0,NULL,NULL,0,NULL,1,4,2,2,2,3,2,2,2,1,1,2,0,0,0,NULL,NULL,NULL,NULL,NULL,NULL,NULL,NULL,NULL,NULL,0,1,3,NULL,NULL,0,0,NULL,NULL,NULL,NULL,1,3,NULL,NULL
655,f,18,0,1,1,0,1,1,1,0,0,0,1,0,0,1,1,1,1,1,1,1,1,0,0,1,1,0,1,0,1,1,0,1,1,1,1,1,1,0,0,0,1,0,0,1,1,1,1,0,1,1,1,0,0,1,0,0,1,0,0,0,1,1,1,1,4,3,4,1,1,3,2,0,1,3,4,1,2,1,3,2,1,3,3,3,3,1,1,3,1,0,1,3,1,3,1,3,1,3,1,3
658,m,NULL,0,1,0,1,0,0,0,0,1,0,0,1,NULL,NULL,NULL,NULL,NULL,NULL,NULL,NULL,NULL,NULL,NULL,NULL,NULL,NULL,NULL,NULL,NULL,NULL,0,1,0,1,0,0,0,0,1,0,1,1,NULL,NULL,NULL,NULL,NULL,NULL,NULL,NULL,NULL,NULL,NULL,NULL,NULL,NULL,NULL,NULL,NULL,NULL,3,1,1,2,2,0,4,4,4,0,4,2,NULL,NULL,NULL,NULL,NULL,NULL,NULL,NULL,NULL,NULL,NULL,NULL,NULL,NULL,NULL,NULL,NULL,NULL,NULL,NULL,NULL,NULL,NULL,NULL,NULL,NULL,NULL,NULL
659,m,17,0,1,1,1,1,0,0,1,1,0,1,1,1,1,0,1,1,1,1,1,0,1,0,1,1,0,1,1,1,NULL,0,1,1,1,1,0,0,1,1,0,1,1,0,1,0,1,1,0,0,0,0,0,0,1,1,0,1,1,1,NULL,0,4,4,1,4,0,4,1,1,4,4,4,4,3,2,1,1,4,1,2,3,1,1,0,2,3,4,1,1,2,4,1,3,1,3,1,3,1,NULL,NULL
661,m,18,1,1,1,1,0,1,1,1,1,0,1,0,0,1,1,1,1,1,0,0,0,1,0,1,1,0,1,1,1,1,1,1,1,1,0,1,1,1,1,0,1,0,0,0,1,0,0,0,0,0,0,1,0,1,0,0,1,1,0,1,1,2,1,4,1,3,2,1,1,3,2,0,0,0,0,2,2,3,2,4,3,4,4,0,0,3,3,2,2,1,3,2,3,1,3,1,3,0,3,2
664,m,NULL,0,0,0,0,0,0,0,0,0,0,0,0,NULL,NULL,NULL,NULL,NULL,NULL,NULL,NULL,NULL,NULL,NULL,NULL,NULL,NULL,NULL,NULL,NULL,NULL,0,0,0,0,0,0,0,0,0,0,0,0,NULL,NULL,NULL,NULL,NULL,NULL,NULL,NULL,NULL,NULL,NULL,NULL,NULL,NULL,NULL,NULL,NULL,NULL,0,2,0,0,0,0,0,0,0,0,0,0,NULL,NULL,NULL,NULL,NULL,NULL,NULL,NULL,NULL,NULL,NULL,NULL,NULL,NULL,NULL,NULL,NULL,NULL,NULL,NULL,NULL,NULL,NULL,NULL,NULL,NULL,NULL,NULL
668,m,NULL,0,0,0,0,0,0,0,0,0,0,0,0,NULL,NULL,NULL,NULL,NULL,NULL,NULL,NULL,NULL,NULL,NULL,NULL,NULL,NULL,NULL,NULL,NULL,NULL,0,0,0,0,0,0,0,0,0,0,0,0,NULL,NULL,NULL,NULL,NULL,NULL,NULL,NULL,NULL,NULL,NULL,NULL,NULL,NULL,NULL,NULL,NULL,NULL,0,0,0,0,0,0,0,0,0,0,0,0,NULL,NULL,NULL,NULL,NULL,NULL,NULL,NULL,NULL,NULL,NULL,NULL,NULL,NULL,NULL,NULL,NULL,NULL,NULL,NULL,NULL,NULL,NULL,NULL,NULL,NULL,NULL,NULL
669,m,11,0,1,0,1,0,NULL,NULL,NULL,1,NULL,1,1,1,0,0,1,1,1,0,0,NULL,NULL,NULL,NULL,1,0,0,NULL,NULL,NULL,0,1,0,1,1,NULL,NULL,NULL,1,NULL,1,1,0,0,0,1,0,0,0,1,NULL,NULL,NULL,NULL,1,0,0,NULL,NULL,NULL,1,1,4,1,4,NULL,NULL,NULL,1,NULL,4,3,1,3,1,4,4,4,2,4,4,1,4,2,NULL,NULL,NULL,NULL,NULL,0,4,1,1,4,NULL,NULL,NULL,NULL,NULL,NULL
671,m,NULL,1,1,1,1,0,1,1,0,1,1,0,1,NULL,NULL,NULL,NULL,NULL,NULL,NULL,NULL,NULL,NULL,NULL,NULL,NULL,NULL,NULL,NULL,NULL,NULL,1,1,0,1,0,1,1,0,0,1,0,1,NULL,NULL,NULL,NULL,NULL,NULL,NULL,NULL,NULL,NULL,NULL,NULL,NULL,NULL,NULL,NULL,NULL,NULL,1,2,4,1,1,3,1,4,4,1,2,1,NULL,NULL,NULL,NULL,NULL,NULL,NULL,NULL,NULL,NULL,NULL,NULL,NULL,NULL,NULL,NULL,NULL,NULL,NULL,NULL,NULL,NULL,NULL,NULL,NULL,NULL,NULL,NULL
677,f,18,1,1,1,1,0,1,1,0,1,0,1,0,0,0,0,0,1,1,1,1,1,0,0,1,1,0,1,1,0,0,0,1,1,1,0,1,1,0,0,0,1,0,0,0,0,0,0,1,1,0,1,0,0,1,0,0,1,1,0,0,0,2,1,1,0,3,2,2,1,1,2,0,2,2,2,1,2,3,2,1,3,2,1,3,4,3,2,3,1,4,2,3,2,1,3,2,3,2,3,1
679,m,14,0,1,0,1,1,1,1,1,1,0,1,1,0,0,0,1,1,1,1,1,NULL,0,NULL,1,1,NULL,0,1,NULL,1,0,1,0,1,1,1,1,1,1,0,0,1,0,0,0,1,0,0,1,1,NULL,0,NULL,1,1,NULL,1,1,NULL,1,0,3,2,2,2,3,2,4,2,0,4,2,1,3,1,1,1,2,3,4,3,1,2,4,NULL,0,NULL,NULL,2,2,NULL,NULL,1,3,2,3,NULL,NULL,1,3
683,m,16,0,0,1,1,NULL,0,1,0,1,0,1,1,0,0,0,NULL,1,0,0,0,NULL,1,0,1,0,0,1,1,0,0,0,0,1,1,NULL,0,1,0,1,0,1,0,0,0,0,NULL,1,0,0,0,NULL,1,0,0,0,0,1,0,0,0,0,2,4,2,NULL,4,4,2,2,2,2,2,4,3,1,2,1,NULL,NULL,2,2,1,2,1,NULL,3,1,1,0,0,2,3,3,1,3,1,3,1,3,1
685,m,NULL,0,1,1,1,1,1,1,0,1,1,1,1,NULL,NULL,NULL,NULL,NULL,NULL,NULL,NULL,NULL,NULL,NULL,NULL,NULL,NULL,NULL,NULL,NULL,NULL,0,0,1,1,1,1,1,0,1,1,1,1,NULL,NULL,NULL,NULL,NULL,NULL,NULL,NULL,NULL,NULL,NULL,NULL,NULL,NULL,NULL,NULL,NULL,NULL,3,0,4,1,4,3,2,4,3,3,2,2,NULL,NULL,NULL,NULL,NULL,NULL,NULL,NULL,NULL,NULL,NULL,NULL,NULL,NULL,NULL,NULL,NULL,NULL,NULL,NULL,NULL,NULL,NULL,NULL,NULL,NULL,NULL,NULL
687,m,18,0,1,1,1,0,1,1,1,1,1,0,1,0,1,0,1,1,1,1,0,0,0,0,1,1,1,1,0,0,0,0,1,1,1,0,1,1,1,1,1,0,1,1,1,0,0,1,1,1,0,0,0,0,1,1,1,1,0,0,0,0,1,4,1,1,2,4,1,4,3,1,3,2,3,4,1,2,1,1,1,1,2,2,0,0,0,1,3,2,2,3,2,3,1,1,1,3,1,1,4
692,m,9,1,1,1,1,1,1,1,1,1,0,1,1,0,1,1,NULL,1,0,NULL,0,NULL,1,NULL,1,1,NULL,NULL,NULL,NULL,NULL,0,1,1,1,1,1,1,1,1,0,1,1,0,1,1,NULL,1,0,NULL,0,NULL,0,NULL,1,1,NULL,NULL,NULL,NULL,NULL,0,2,2,2,2,3,4,2,2,2,2,2,2,2,2,3,2,NULL,NULL,2,4,1,NULL,3,NULL,3,NULL,NULL,2,1,NULL,NULL,NULL,NULL,NULL,NULL,NULL,NULL,NULL,NULL
693,f,18,1,1,1,1,NULL,NULL,1,1,1,0,NULL,1,1,1,1,1,1,1,0,1,0,1,1,1,1,1,1,0,1,1,1,1,1,1,NULL,NULL,1,0,1,0,NULL,1,1,1,1,1,1,1,0,0,0,1,1,1,1,1,1,0,1,1,1,2,4,4,NULL,NULL,2,0,2,4,NULL,3,3,3,2,2,2,2,3,2,3,2,0,0,2,3,2,3,2,0,2,3,3,2,2,4,3,2,1,3
694,m,NULL,1,1,1,1,NULL,1,1,NULL,1,1,1,0,NULL,NULL,NULL,NULL,NULL,NULL,NULL,NULL,NULL,NULL,NULL,NULL,NULL,NULL,NULL,NULL,NULL,NULL,1,1,1,1,NULL,1,1,NULL,1,0,0,1,NULL,NULL,NULL,NULL,NULL,NULL,NULL,NULL,NULL,NULL,NULL,NULL,NULL,NULL,NULL,NULL,NULL,NULL,2,1,4,1,NULL,3,1,NULL,1,3,1,2,NULL,NULL,NULL,NULL,NULL,NULL,NULL,NULL,NULL,NULL,NULL,NULL,NULL,NULL,NULL,NULL,NULL,NULL,NULL,NULL,NULL,NULL,NULL,NULL,NULL,NULL,NULL,NULL
696,m,18,1,1,NULL,1,NULL,1,1,NULL,NULL,0,0,1,1,0,1,0,0,1,1,1,1,0,0,1,0,0,1,0,1,0,1,1,NULL,1,NULL,0,0,NULL,NULL,0,0,1,1,0,0,0,0,1,1,1,1,0,0,1,0,0,1,0,0,0,1,1,NULL,1,NULL,0,4,NULL,NULL,4,2,3,2,1,4,4,1,1,1,0,1,1,1,4,1,3,1,3,4,1,1,3,2,1,1,4,1,3,0,0
697,f,12,1,1,1,1,0,1,1,NULL,1,1,1,1,1,0,NULL,0,1,1,1,0,NULL,0,NULL,1,1,1,NULL,0,NULL,NULL,1,1,1,1,0,1,0,NULL,1,1,0,1,0,0,NULL,1,0,1,1,0,NULL,0,NULL,0,0,1,NULL,0,NULL,NULL,2,2,2,2,0,2,2,NULL,1,3,2,2,3,3,2,2,NULL,3,2,2,3,2,2,2,NULL,2,NULL,NULL,0,4,3,2,NULL,NULL,3,2,NULL,NULL,NULL,NULL
698,m,18,0,1,1,1,1,1,1,1,1,1,1,0,1,1,1,1,1,1,0,1,1,1,1,1,1,1,0,0,1,0,0,1,1,1,1,1,1,1,1,1,1,1,1,1,0,0,1,1,0,1,1,1,1,0,1,1,0,0,1,1,0,2,2,2,2,3,2,2,2,2,2,2,3,3,2,2,1,3,1,1,3,2,0,3,3,3,3,2,0,2,3,2,1,1,2,1,3,2,3,2
700,m,14,0,1,0,1,1,1,1,0,1,1,1,1,0,0,0,NULL,0,0,0,0,NULL,0,NULL,0,0,0,0,0,NULL,0,0,1,0,1,1,1,1,0,1,1,1,1,0,0,0,NULL,0,0,0,0,NULL,0,NULL,0,0,0,0,0,NULL,0,0,4,4,4,4,1,4,4,4,3,4,2,0,0,0,0,0,NULL,NULL,0,0,0,0,0,NULL,0,NULL,NULL,0,0,0,0,0,0,0,0,NULL,NULL,0,0
